2025-03-26 14:57:07,081:INFO:Step: {}, Action: 2, Reward: 0, Total Reward: 0
2025-03-26 14:57:07,081:INFO:Step: {}, Action: 1, Reward: -5.831994193361322, Total Reward: -5.831994193361322
2025-03-26 14:57:07,082:INFO:Step: {}, Action: 0, Reward: -15.014967451731257, Total Reward: -20.84696164509258
2025-03-26 14:57:07,082:INFO:Step: {}, Action: 0, Reward: 0, Total Reward: -20.84696164509258
2025-03-26 14:57:07,082:INFO:Step: {}, Action: 1, Reward: 0, Total Reward: -20.84696164509258
2025-03-26 14:57:07,083:INFO:Step: {}, Action: 0, Reward: -10.245349150714535, Total Reward: -31.092310795807116
2025-03-26 14:57:07,083:INFO:Step: {}, Action: 0, Reward: 0, Total Reward: -31.092310795807116
2025-03-26 14:57:07,083:INFO:Step: {}, Action: 2, Reward: 0, Total Reward: -31.092310795807116
2025-03-26 14:57:07,083:INFO:Step: {}, Action: 2, Reward: 0, Total Reward: -31.092310795807116
2025-03-26 14:57:07,084:INFO:Step: {}, Action: 0, Reward: -23.05779375660931, Total Reward: -54.15010455241642
2025-03-26 14:57:07,084:INFO:Step: {}, Action: 1, Reward: 0, Total Reward: -54.15010455241642
2025-03-26 14:57:07,084:INFO:Step: {}, Action: 2, Reward: -22.466640682682137, Total Reward: -76.61674523509856
2025-03-26 14:57:07,085:INFO:Step: {}, Action: 1, Reward: 5.399053577666396, Total Reward: -71.21769165743217
2025-03-26 14:57:07,085:INFO:Step: {}, Action: 0, Reward: -41.086749285032845, Total Reward: -112.30444094246502
2025-03-26 14:57:07,085:INFO:Step: {}, Action: 2, Reward: 0, Total Reward: -112.30444094246502
2025-03-26 14:57:07,085:INFO:Step: {}, Action: 2, Reward: 0, Total Reward: -112.30444094246502
2025-03-26 14:57:07,086:INFO:Step: {}, Action: 1, Reward: -51.951613880552635, Total Reward: -164.25605482301765
2025-03-26 14:57:07,086:INFO:Step: {}, Action: 1, Reward: 0, Total Reward: -164.25605482301765
2025-03-26 14:57:07,087:INFO:Step: {}, Action: 2, Reward: -6.91646308575872, Total Reward: -171.17251790877637
2025-03-26 14:57:07,087:INFO:Step: {}, Action: 1, Reward: 0.1269954154653862, Total Reward: -171.04552249331098
2025-03-26 14:57:07,087:INFO:Step: {}, Action: 1, Reward: 0, Total Reward: -171.04552249331098
2025-03-26 14:57:07,087:INFO:Step: {}, Action: 1, Reward: 0, Total Reward: -171.04552249331098
2025-03-26 14:57:07,088:INFO:Step: {}, Action: 0, Reward: 101.94686444337243, Total Reward: -69.09865804993855
2025-03-26 14:57:07,088:INFO:Step: {}, Action: 0, Reward: 0, Total Reward: -69.09865804993855
2025-03-26 14:57:07,089:INFO:Step: {}, Action: 0, Reward: 0, Total Reward: -69.09865804993855
2025-03-26 14:57:07,089:INFO:Step: {}, Action: 1, Reward: 0, Total Reward: -69.09865804993855
2025-03-26 14:57:07,089:INFO:Step: {}, Action: 2, Reward: -10.126151021605724, Total Reward: -79.22480907154427
2025-03-26 14:57:07,089:INFO:Step: {}, Action: 0, Reward: 17.051913603638027, Total Reward: -62.172895467906244
2025-03-26 14:57:07,090:INFO:Step: {}, Action: 1, Reward: 0, Total Reward: -62.172895467906244
2025-03-26 14:57:07,090:INFO:Step: {}, Action: 1, Reward: 0, Total Reward: -62.172895467906244
2025-03-26 14:57:07,090:INFO:Step: {}, Action: 1, Reward: 0, Total Reward: -62.172895467906244
2025-03-26 14:57:07,091:INFO:Step: {}, Action: 0, Reward: 67.34645482570605, Total Reward: 5.173559357799803
2025-03-26 14:57:07,091:INFO:Step: {}, Action: 0, Reward: 0, Total Reward: 5.173559357799803
2025-03-26 14:57:07,091:INFO:Step: {}, Action: 1, Reward: 0, Total Reward: 5.173559357799803
2025-03-26 14:57:07,091:INFO:Step: {}, Action: 1, Reward: 0, Total Reward: 5.173559357799803
2025-03-26 14:57:07,092:INFO:Step: {}, Action: 0, Reward: 9.675965469095734, Total Reward: 14.849524826895538
2025-03-26 14:57:07,092:INFO:Step: {}, Action: 1, Reward: 0, Total Reward: 14.849524826895538
2025-03-26 14:57:07,092:INFO:Step: {}, Action: 0, Reward: -27.426543879335743, Total Reward: -12.577019052440205
2025-03-26 14:57:07,092:INFO:Step: {}, Action: 1, Reward: 0, Total Reward: -12.577019052440205
2025-03-26 14:57:07,093:INFO:Step: {}, Action: 0, Reward: 2.548780833169394, Total Reward: -10.028238219270811
2025-03-26 14:57:07,093:INFO:Step: {}, Action: 1, Reward: 0, Total Reward: -10.028238219270811
2025-03-26 14:57:07,093:INFO:Step: {}, Action: 2, Reward: 6.335517668528753, Total Reward: -3.6927205507420586
2025-03-26 14:57:07,094:INFO:Step: {}, Action: 1, Reward: -15.592515592516452, Total Reward: -19.285236143258512
2025-03-26 14:57:07,094:INFO:Step: {}, Action: 2, Reward: 6.7305121793960545, Total Reward: -12.554723963862457
2025-03-26 14:57:07,094:INFO:Step: {}, Action: 0, Reward: 8.454626314946003, Total Reward: -4.100097648916455
2025-03-26 14:57:07,094:INFO:Step: {}, Action: 2, Reward: 0, Total Reward: -4.100097648916455
2025-03-26 14:57:07,095:INFO:Step: {}, Action: 0, Reward: 18.26633577304307, Total Reward: 14.166238124126616
2025-03-26 14:57:07,095:INFO:Step: {}, Action: 1, Reward: 0, Total Reward: 14.166238124126616
2025-03-26 14:57:07,095:INFO:Step: {}, Action: 1, Reward: 0, Total Reward: 14.166238124126616
2025-03-26 14:57:07,096:INFO:Step: {}, Action: 0, Reward: -7.794576615638382, Total Reward: 6.371661508488234
2025-03-26 14:57:07,096:INFO:Step: {}, Action: 1, Reward: 0, Total Reward: 6.371661508488234
2025-03-26 14:57:07,096:INFO:Step: {}, Action: 1, Reward: 0, Total Reward: 6.371661508488234
2025-03-26 14:57:07,096:INFO:Step: {}, Action: 0, Reward: -24.287539230683738, Total Reward: -17.915877722195503
2025-03-26 14:57:07,097:INFO:Step: {}, Action: 0, Reward: 0, Total Reward: -17.915877722195503
2025-03-26 14:57:07,097:INFO:Step: {}, Action: 2, Reward: 0, Total Reward: -17.915877722195503
2025-03-26 14:57:07,097:INFO:Step: {}, Action: 0, Reward: -18.29768439649103, Total Reward: -36.21356211868653
2025-03-26 14:57:07,097:INFO:Step: {}, Action: 2, Reward: 0, Total Reward: -36.21356211868653
2025-03-26 14:57:07,098:INFO:Step: {}, Action: 1, Reward: -8.528919354330078, Total Reward: -44.74248147301661
2025-03-26 14:57:07,098:INFO:Step: {}, Action: 1, Reward: 0, Total Reward: -44.74248147301661
2025-03-26 14:57:07,098:INFO:Step: {}, Action: 2, Reward: 13.918697134199768, Total Reward: -30.823784338816843
2025-03-26 14:57:07,099:INFO:Step: {}, Action: 1, Reward: 34.102262663065744, Total Reward: 3.2784783242489013
2025-03-26 14:57:07,099:INFO:Step: {}, Action: 2, Reward: 10.910850445448192, Total Reward: 14.189328769697093
2025-03-26 14:57:07,099:INFO:Step: {}, Action: 1, Reward: 24.735897695106928, Total Reward: 38.92522646480402
2025-03-26 14:57:07,099:INFO:Step: {}, Action: 0, Reward: 10.387603282228474, Total Reward: 49.312829747032495
2025-03-26 14:57:07,100:INFO:Step: {}, Action: 1, Reward: 0, Total Reward: 49.312829747032495
2025-03-26 14:57:07,100:INFO:Step: {}, Action: 0, Reward: -22.565373213574215, Total Reward: 26.74745653345828
2025-03-26 14:57:07,100:INFO:Step: {}, Action: 1, Reward: 0, Total Reward: 26.74745653345828
2025-03-26 14:57:07,100:INFO:Step: {}, Action: 1, Reward: 0, Total Reward: 26.74745653345828
2025-03-26 14:57:07,101:INFO:Step: {}, Action: 1, Reward: 0, Total Reward: 26.74745653345828
2025-03-26 14:57:07,101:INFO:Step: {}, Action: 1, Reward: 0, Total Reward: 26.74745653345828
2025-03-26 14:57:07,101:INFO:Step: {}, Action: 2, Reward: 6.962083665807441, Total Reward: 33.70954019926572
2025-03-26 14:57:07,101:INFO:Step: {}, Action: 2, Reward: 0, Total Reward: 33.70954019926572
2025-03-26 14:57:07,102:INFO:Step: {}, Action: 2, Reward: 0, Total Reward: 33.70954019926572
2025-03-26 14:57:07,102:INFO:Step: {}, Action: 0, Reward: -46.28629519029071, Total Reward: -12.576754991024991
2025-03-26 14:57:07,102:INFO:Step: {}, Action: 2, Reward: 0, Total Reward: -12.576754991024991
2025-03-26 14:57:07,102:INFO:Step: {}, Action: 1, Reward: 67.96841858668824, Total Reward: 55.39166359566325
2025-03-26 14:57:07,103:INFO:Step: {}, Action: 1, Reward: 0, Total Reward: 55.39166359566325
2025-03-26 14:57:07,103:INFO:Step: {}, Action: 0, Reward: -38.503832852566426, Total Reward: 16.887830743096828
2025-03-26 14:57:07,104:INFO:Step: {}, Action: 1, Reward: 0, Total Reward: 16.887830743096828
2025-03-26 14:57:07,104:INFO:Step: {}, Action: 2, Reward: -5.991688126257791, Total Reward: 10.896142616839036
2025-03-26 14:57:07,104:INFO:Step: {}, Action: 0, Reward: -8.482683844632485, Total Reward: 2.4134587722065515
2025-03-26 14:57:07,104:INFO:Step: {}, Action: 0, Reward: 0, Total Reward: 2.4134587722065515
2025-03-26 14:57:07,105:INFO:Step: {}, Action: 2, Reward: 0, Total Reward: 2.4134587722065515
2025-03-26 14:57:07,105:INFO:Step: {}, Action: 0, Reward: 7.14623742659226, Total Reward: 9.559696198798811
2025-03-26 14:57:07,105:INFO:Step: {}, Action: 1, Reward: 0, Total Reward: 9.559696198798811
2025-03-26 14:57:07,105:INFO:Step: {}, Action: 1, Reward: 0, Total Reward: 9.559696198798811
2025-03-26 14:57:07,106:INFO:Step: {}, Action: 1, Reward: 0, Total Reward: 9.559696198798811
2025-03-26 14:57:07,106:INFO:Step: {}, Action: 0, Reward: 5.210418294921979, Total Reward: 14.77011449372079
2025-03-26 14:57:07,106:INFO:Step: {}, Action: 1, Reward: 0, Total Reward: 14.77011449372079
2025-03-26 14:57:07,107:INFO:Step: {}, Action: 2, Reward: 7.397295066353188, Total Reward: 22.167409560073978
2025-03-26 14:57:07,107:INFO:Step: {}, Action: 2, Reward: 0, Total Reward: 22.167409560073978
2025-03-26 14:57:07,107:INFO:Step: {}, Action: 1, Reward: 30.836291650408626, Total Reward: 53.0037012104826
2025-03-26 14:57:07,107:INFO:Step: {}, Action: 1, Reward: 0, Total Reward: 53.0037012104826
2025-03-26 14:57:07,108:INFO:Step: {}, Action: 1, Reward: 0, Total Reward: 53.0037012104826
2025-03-26 14:57:07,108:INFO:Step: {}, Action: 2, Reward: 21.607619629519903, Total Reward: 74.6113208400025
2025-03-26 14:57:07,108:INFO:Step: {}, Action: 1, Reward: -47.186587069732404, Total Reward: 27.4247337702701
2025-03-26 14:57:07,108:INFO:Step: {}, Action: 1, Reward: 0, Total Reward: 27.4247337702701
2025-03-26 14:57:07,109:INFO:Step: {}, Action: 0, Reward: -51.32646030732597, Total Reward: -23.901726537055872
2025-03-26 14:57:07,109:INFO:Step: {}, Action: 1, Reward: 0, Total Reward: -23.901726537055872
2025-03-26 14:57:07,109:INFO:Step: {}, Action: 1, Reward: 0, Total Reward: -23.901726537055872
2025-03-26 14:57:07,109:INFO:Step: {}, Action: 0, Reward: 39.61844197138326, Total Reward: 15.71671543432739
2025-03-26 14:57:07,110:INFO:Step: {}, Action: 1, Reward: 0, Total Reward: 15.71671543432739
2025-03-26 14:57:07,110:INFO:Step: {}, Action: 1, Reward: 0, Total Reward: 15.71671543432739
2025-03-26 14:57:07,110:INFO:Step: {}, Action: 2, Reward: -43.94165156073636, Total Reward: -28.22493612640897
2025-03-26 14:57:07,110:INFO:Step: {}, Action: 0, Reward: -5.846615318132596, Total Reward: -34.07155144454157
2025-03-26 14:57:07,111:INFO:Step: {}, Action: 0, Reward: 0, Total Reward: -34.07155144454157
2025-03-26 14:57:07,111:INFO:Step: {}, Action: 2, Reward: 0, Total Reward: -34.07155144454157
2025-03-26 14:57:07,112:INFO:Step: {}, Action: 1, Reward: -46.2564373012417, Total Reward: -80.32798874578327
2025-03-26 14:57:07,112:INFO:Step: {}, Action: 0, Reward: -11.732226941114455, Total Reward: -92.06021568689772
2025-03-26 14:57:07,112:INFO:Step: {}, Action: 1, Reward: 0, Total Reward: -92.06021568689772
2025-03-26 14:57:07,112:INFO:Step: {}, Action: 0, Reward: 11.402110184403393, Total Reward: -80.65810550249432
2025-03-26 14:57:07,113:INFO:Step: {}, Action: 2, Reward: 0, Total Reward: -80.65810550249432
2025-03-26 14:57:07,113:INFO:Step: {}, Action: 1, Reward: 4.4371337383805445, Total Reward: -76.22097176411378
2025-03-26 14:57:07,113:INFO:Step: {}, Action: 1, Reward: 0, Total Reward: -76.22097176411378
2025-03-26 14:57:07,114:INFO:Step: {}, Action: 1, Reward: 0, Total Reward: -76.22097176411378
2025-03-26 14:57:07,114:INFO:Step: {}, Action: 1, Reward: 0, Total Reward: -76.22097176411378
2025-03-26 14:57:07,114:INFO:Step: {}, Action: 1, Reward: 0, Total Reward: -76.22097176411378
2025-03-26 14:57:07,114:INFO:Step: {}, Action: 0, Reward: -44.454450042647046, Total Reward: -120.67542180676082
2025-03-26 14:57:07,115:INFO:Step: {}, Action: 0, Reward: 0, Total Reward: -120.67542180676082
2025-03-26 14:57:07,115:INFO:Step: {}, Action: 1, Reward: 0, Total Reward: -120.67542180676082
2025-03-26 14:57:07,115:INFO:Step: {}, Action: 2, Reward: 16.398052454809303, Total Reward: -104.27736935195152
2025-03-26 14:57:07,115:INFO:Step: {}, Action: 1, Reward: -62.23582108384335, Total Reward: -166.51319043579485
2025-03-26 14:57:07,116:INFO:Step: {}, Action: 1, Reward: 0, Total Reward: -166.51319043579485
2025-03-26 14:57:07,116:INFO:Step: {}, Action: 2, Reward: -6.23838140648786, Total Reward: -172.75157184228271
2025-03-26 14:57:07,116:INFO:Step: {}, Action: 1, Reward: -7.842054743815756, Total Reward: -180.59362658609848
2025-03-26 14:57:07,117:INFO:Step: {}, Action: 1, Reward: 0, Total Reward: -180.59362658609848
2025-03-26 14:57:07,117:INFO:Step: {}, Action: 1, Reward: 0, Total Reward: -180.59362658609848
2025-03-26 14:57:07,117:INFO:Step: {}, Action: 0, Reward: 34.383972116698004, Total Reward: -146.20965446940048
2025-03-26 14:57:07,117:INFO:Step: {}, Action: 2, Reward: 0, Total Reward: -146.20965446940048
2025-03-26 14:57:07,118:INFO:Step: {}, Action: 2, Reward: 0, Total Reward: -146.20965446940048
2025-03-26 14:57:07,118:INFO:Step: {}, Action: 1, Reward: -49.25525555444763, Total Reward: -195.46491002384812
2025-03-26 14:57:07,118:INFO:Step: {}, Action: 1, Reward: 0, Total Reward: -195.46491002384812
2025-03-26 14:57:07,118:INFO:Step: {}, Action: 1, Reward: 0, Total Reward: -195.46491002384812
2025-03-26 14:57:07,119:INFO:Step: {}, Action: 2, Reward: -4.3684898657227045, Total Reward: -199.8333998895708
2025-03-26 14:57:07,119:INFO:Step: {}, Action: 0, Reward: 18.318481208833333, Total Reward: -181.51491868073748
2025-03-26 14:57:07,119:INFO:Step: {}, Action: 1, Reward: 0, Total Reward: -181.51491868073748
2025-03-26 14:57:07,120:INFO:Step: {}, Action: 1, Reward: 0, Total Reward: -181.51491868073748
2025-03-26 14:57:07,120:INFO:Step: {}, Action: 1, Reward: 0, Total Reward: -181.51491868073748
2025-03-26 14:57:07,120:INFO:Step: {}, Action: 1, Reward: 0, Total Reward: -181.51491868073748
2025-03-26 14:57:07,120:INFO:Step: {}, Action: 0, Reward: -32.70668853336414, Total Reward: -214.22160721410162
2025-03-26 14:57:07,121:INFO:Step: {}, Action: 1, Reward: 0, Total Reward: -214.22160721410162
2025-03-26 14:57:07,121:INFO:Step: {}, Action: 1, Reward: 0, Total Reward: -214.22160721410162
2025-03-26 14:57:07,121:INFO:Step: {}, Action: 1, Reward: 0, Total Reward: -214.22160721410162
2025-03-26 14:57:07,121:INFO:Step: {}, Action: 2, Reward: -5.292405398254355, Total Reward: -219.51401261235597
2025-03-26 14:57:07,122:INFO:Step: {}, Action: 1, Reward: -9.188743011105213, Total Reward: -228.70275562346117
2025-03-26 14:57:07,122:INFO:Step: {}, Action: 0, Reward: -7.77992157839049, Total Reward: -236.48267720185166
2025-03-26 14:57:07,122:INFO:Step: {}, Action: 0, Reward: 0, Total Reward: -236.48267720185166
2025-03-26 14:57:07,122:INFO:Step: {}, Action: 2, Reward: 0, Total Reward: -236.48267720185166
2025-03-26 14:57:07,123:INFO:Step: {}, Action: 0, Reward: 6.833146974778911, Total Reward: -229.64953022707274
2025-03-26 14:57:07,123:INFO:Step: {}, Action: 0, Reward: 0, Total Reward: -229.64953022707274
2025-03-26 14:57:07,123:INFO:Step: {}, Action: 0, Reward: 0, Total Reward: -229.64953022707274
2025-03-26 14:57:07,123:INFO:Step: {}, Action: 1, Reward: 0, Total Reward: -229.64953022707274
2025-03-26 14:57:07,124:INFO:Step: {}, Action: 1, Reward: 0, Total Reward: -229.64953022707274
2025-03-26 14:57:07,124:INFO:Step: {}, Action: 0, Reward: -16.36661211129228, Total Reward: -246.01614233836503
2025-03-26 14:57:07,124:INFO:Step: {}, Action: 1, Reward: 0, Total Reward: -246.01614233836503
2025-03-26 14:57:07,124:INFO:Step: {}, Action: 1, Reward: 0, Total Reward: -246.01614233836503
2025-03-26 14:57:07,125:INFO:Step: {}, Action: 1, Reward: 0, Total Reward: -246.01614233836503
2025-03-26 14:57:07,125:INFO:Step: {}, Action: 2, Reward: 25.199246213852955, Total Reward: -220.81689612451208
2025-03-26 14:57:07,125:INFO:Step: {}, Action: 1, Reward: -5.8390240399173505, Total Reward: -226.65592016442943
2025-03-26 14:57:07,125:INFO:Step: {}, Action: 0, Reward: -2.8709985457770504, Total Reward: -229.52691871020647
2025-03-26 14:57:07,126:INFO:Step: {}, Action: 1, Reward: 0, Total Reward: -229.52691871020647
2025-03-26 14:57:07,126:INFO:Step: {}, Action: 2, Reward: -43.118386666708126, Total Reward: -272.6453053769146
2025-03-26 14:57:07,126:INFO:Step: {}, Action: 1, Reward: -11.28880526810884, Total Reward: -283.93411064502345
2025-03-26 14:57:07,127:INFO:Step: {}, Action: 0, Reward: 22.4895069849035, Total Reward: -261.4446036601199
2025-03-26 14:57:07,127:INFO:Step: {}, Action: 1, Reward: 0, Total Reward: -261.4446036601199
2025-03-26 14:57:07,127:INFO:Step: {}, Action: 0, Reward: -11.996850826658456, Total Reward: -273.44145448677835
2025-03-26 14:57:07,127:INFO:Step: {}, Action: 0, Reward: 0, Total Reward: -273.44145448677835
2025-03-26 14:57:07,128:INFO:Step: {}, Action: 1, Reward: 0, Total Reward: -273.44145448677835
2025-03-26 14:57:07,128:INFO:Step: {}, Action: 2, Reward: 9.834174386388149, Total Reward: -263.6072801003902
2025-03-26 14:57:07,128:INFO:Step: {}, Action: 2, Reward: 0, Total Reward: -263.6072801003902
2025-03-26 14:57:07,128:INFO:Step: {}, Action: 1, Reward: -23.900016689076672, Total Reward: -287.50729678946686
2025-03-26 14:57:07,129:INFO:Step: {}, Action: 0, Reward: 27.267129914679757, Total Reward: -260.2401668747871
2025-03-26 14:57:07,129:INFO:Step: {}, Action: 1, Reward: 0, Total Reward: -260.2401668747871
2025-03-26 14:57:07,129:INFO:Step: {}, Action: 1, Reward: 0, Total Reward: -260.2401668747871
2025-03-26 14:57:07,129:INFO:Step: {}, Action: 2, Reward: -4.142515071535929, Total Reward: -264.38268194632303
2025-03-26 14:57:07,130:INFO:Step: {}, Action: 0, Reward: -30.893364519723377, Total Reward: -295.2760464660464
2025-03-26 14:57:07,130:INFO:Step: {}, Action: 1, Reward: 0, Total Reward: -295.2760464660464
2025-03-26 14:57:07,130:INFO:Step: {}, Action: 0, Reward: -11.138733233563, Total Reward: -306.4147796996094
2025-03-26 14:57:07,131:INFO:Step: {}, Action: 1, Reward: 0, Total Reward: -306.4147796996094
2025-03-26 14:57:07,131:INFO:Step: {}, Action: 1, Reward: 0, Total Reward: -306.4147796996094
2025-03-26 14:57:07,131:INFO:Step: {}, Action: 0, Reward: -6.501889611669585, Total Reward: -312.916669311279
2025-03-26 14:57:07,131:INFO:Step: {}, Action: 0, Reward: 0, Total Reward: -312.916669311279
2025-03-26 14:57:07,132:INFO:Step: {}, Action: 1, Reward: 0, Total Reward: -312.916669311279
2025-03-26 14:57:07,132:INFO:Step: {}, Action: 2, Reward: 9.525570202512256, Total Reward: -303.39109910876675
2025-03-26 14:57:07,132:INFO:Step: {}, Action: 0, Reward: 40.78949427913959, Total Reward: -262.60160482962715
2025-03-26 14:57:07,132:INFO:Step: {}, Action: 1, Reward: 0, Total Reward: -262.60160482962715
2025-03-26 14:57:07,133:INFO:Step: {}, Action: 2, Reward: 9.167082638738687, Total Reward: -253.43452219088846
2025-03-26 14:57:07,133:INFO:Step: {}, Action: 0, Reward: -21.234352603168475, Total Reward: -274.66887479405693
2025-03-26 14:57:07,133:INFO:Step: {}, Action: 0, Reward: 0, Total Reward: -274.66887479405693
2025-03-26 14:57:07,133:INFO:Step: {}, Action: 1, Reward: 0, Total Reward: -274.66887479405693
2025-03-26 14:57:07,134:INFO:Step: {}, Action: 0, Reward: -2.7577561892826985, Total Reward: -277.42663098333963
2025-03-26 14:57:07,134:INFO:Step: {}, Action: 2, Reward: 0, Total Reward: -277.42663098333963
2025-03-26 14:57:07,134:INFO:Step: {}, Action: 0, Reward: -21.788270752229234, Total Reward: -299.21490173556884
2025-03-26 14:57:07,135:INFO:Step: {}, Action: 0, Reward: 0, Total Reward: -299.21490173556884
2025-03-26 14:57:07,135:INFO:Step: {}, Action: 2, Reward: 0, Total Reward: -299.21490173556884
2025-03-26 14:57:07,135:INFO:Step: {}, Action: 2, Reward: 0, Total Reward: -299.21490173556884
2025-03-26 14:57:07,135:INFO:Step: {}, Action: 2, Reward: 0, Total Reward: -299.21490173556884
2025-03-26 14:57:07,136:INFO:Step: {}, Action: 1, Reward: -20.95478769985181, Total Reward: -320.16968943542065
2025-03-26 14:57:07,136:INFO:Step: {}, Action: 1, Reward: 0, Total Reward: -320.16968943542065
2025-03-26 14:57:07,136:INFO:Step: {}, Action: 2, Reward: 48.81306841944243, Total Reward: -271.35662101597825
2025-03-26 14:57:07,136:INFO:Step: {}, Action: 2, Reward: 0, Total Reward: -271.35662101597825
2025-03-26 14:57:07,137:INFO:Step: {}, Action: 1, Reward: 62.24182377240105, Total Reward: -209.1147972435772
2025-03-26 14:57:07,137:INFO:Step: {}, Action: 0, Reward: 1.6876793159272037, Total Reward: -207.42711792765
2025-03-26 14:57:07,137:INFO:Step: {}, Action: 2, Reward: 0, Total Reward: -207.42711792765
2025-03-26 14:57:07,138:INFO:Step: {}, Action: 0, Reward: -1.8404085083025679, Total Reward: -209.26752643595256
2025-03-26 14:57:07,138:INFO:Step: {}, Action: 1, Reward: 0, Total Reward: -209.26752643595256
2025-03-26 14:57:07,138:INFO:Step: {}, Action: 0, Reward: 18.27402318030232, Total Reward: -190.99350325565024
2025-03-26 14:57:07,138:INFO:Step: {}, Action: 0, Reward: 0, Total Reward: -190.99350325565024
2025-03-26 14:57:07,139:INFO:Step: {}, Action: 1, Reward: 0, Total Reward: -190.99350325565024
2025-03-26 14:57:07,139:INFO:Step: {}, Action: 2, Reward: -11.013558499418098, Total Reward: -202.00706175506835
2025-03-26 14:57:07,139:INFO:Step: {}, Action: 0, Reward: 13.423947574968373, Total Reward: -188.58311418009998
2025-03-26 14:57:07,139:INFO:Step: {}, Action: 1, Reward: 0, Total Reward: -188.58311418009998
2025-03-26 14:57:07,140:INFO:Step: {}, Action: 1, Reward: 0, Total Reward: -188.58311418009998
2025-03-26 14:57:07,140:INFO:Step: {}, Action: 2, Reward: -17.294203642358188, Total Reward: -205.87731782245817
2025-03-26 14:57:07,140:INFO:Step: {}, Action: 2, Reward: 0, Total Reward: -205.87731782245817
2025-03-26 14:57:07,140:INFO:Step: {}, Action: 2, Reward: 0, Total Reward: -205.87731782245817
2025-03-26 14:57:07,141:INFO:Step: {}, Action: 2, Reward: 0, Total Reward: -205.87731782245817
2025-03-26 14:57:07,141:INFO:Step: {}, Action: 1, Reward: 65.46415362420824, Total Reward: -140.41316419824994
2025-03-26 14:57:07,141:INFO:Step: {}, Action: 1, Reward: 0, Total Reward: -140.41316419824994
2025-03-26 14:57:07,142:INFO:Step: {}, Action: 1, Reward: 0, Total Reward: -140.41316419824994
2025-03-26 14:57:07,142:INFO:Step: {}, Action: 1, Reward: 0, Total Reward: -140.41316419824994
2025-03-26 14:57:07,142:INFO:Step: {}, Action: 2, Reward: -0.9722805939064523, Total Reward: -141.3854447921564
2025-03-26 14:57:07,142:INFO:Step: {}, Action: 1, Reward: 37.326658448528704, Total Reward: -104.05878634362769
2025-03-26 14:57:07,143:INFO:Step: {}, Action: 0, Reward: 4.81712250918479, Total Reward: -99.2416638344429
2025-03-26 14:57:07,143:INFO:Step: {}, Action: 2, Reward: 0, Total Reward: -99.2416638344429
2025-03-26 14:57:07,143:INFO:Step: {}, Action: 1, Reward: -6.161933086436945, Total Reward: -105.40359692087985
2025-03-26 14:57:07,143:INFO:Step: {}, Action: 2, Reward: 6.975034403885282, Total Reward: -98.42856251699456
2025-03-26 14:57:07,144:INFO:Step: {}, Action: 2, Reward: 0, Total Reward: -98.42856251699456
2025-03-26 14:57:07,144:INFO:Step: {}, Action: 1, Reward: -11.899529042386071, Total Reward: -110.32809155938062
2025-03-26 14:57:07,144:INFO:Step: {}, Action: 2, Reward: -17.2792814829442, Total Reward: -127.60737304232482
2025-03-26 14:57:07,145:INFO:Step: {}, Action: 2, Reward: 0, Total Reward: -127.60737304232482
2025-03-26 14:57:07,145:INFO:Step: {}, Action: 0, Reward: 42.44050162097025, Total Reward: -85.16687142135457
2025-03-26 14:57:07,145:INFO:Step: {}, Action: 2, Reward: 0, Total Reward: -85.16687142135457
2025-03-26 14:57:07,145:INFO:Step: {}, Action: 2, Reward: 0, Total Reward: -85.16687142135457
2025-03-26 14:57:07,146:INFO:Step: {}, Action: 0, Reward: 21.847572141188586, Total Reward: -63.319299280165986
2025-03-26 14:57:07,146:INFO:Step: {}, Action: 2, Reward: 0, Total Reward: -63.319299280165986
2025-03-26 14:57:07,146:INFO:Step: {}, Action: 1, Reward: -29.73058637084028, Total Reward: -93.04988565100626
2025-03-26 14:57:07,146:INFO:Step: {}, Action: 1, Reward: 0, Total Reward: -93.04988565100626
2025-03-26 14:57:07,147:INFO:Step: {}, Action: 2, Reward: 15.042441173309664, Total Reward: -78.0074444776966
2025-03-26 14:57:07,147:INFO:Step: {}, Action: 1, Reward: -2.335018333050091, Total Reward: -80.34246281074668
2025-03-26 14:57:07,147:INFO:Step: {}, Action: 0, Reward: -1.6404406475954352, Total Reward: -81.98290345834212
2025-03-26 14:57:07,147:INFO:Step: {}, Action: 1, Reward: 0, Total Reward: -81.98290345834212
2025-03-26 14:57:07,148:INFO:Step: {}, Action: 2, Reward: 6.825895424753523, Total Reward: -75.1570080335886
2025-03-26 14:57:07,148:INFO:Step: {}, Action: 0, Reward: -14.8425114792624, Total Reward: -89.999519512851
2025-03-26 14:57:07,148:INFO:Step: {}, Action: 2, Reward: 0, Total Reward: -89.999519512851
2025-03-26 14:57:07,148:INFO:Step: {}, Action: 0, Reward: -30.2208104471361, Total Reward: -120.2203299599871
2025-03-26 14:57:07,149:INFO:Step: {}, Action: 2, Reward: 0, Total Reward: -120.2203299599871
2025-03-26 14:57:07,149:INFO:Step: {}, Action: 0, Reward: 1.4774299006657863, Total Reward: -118.74290005932131
2025-03-26 14:57:07,149:INFO:Step: {}, Action: 1, Reward: 0, Total Reward: -118.74290005932131
2025-03-26 14:57:07,150:INFO:Step: {}, Action: 1, Reward: 0, Total Reward: -118.74290005932131
2025-03-26 14:57:07,150:INFO:Step: {}, Action: 1, Reward: 0, Total Reward: -118.74290005932131
2025-03-26 14:57:07,150:INFO:Step: {}, Action: 0, Reward: 10.869051557109204, Total Reward: -107.87384850221211
2025-03-26 14:57:07,150:INFO:Step: {}, Action: 2, Reward: 0, Total Reward: -107.87384850221211
2025-03-26 14:57:07,151:INFO:Step: {}, Action: 2, Reward: 0, Total Reward: -107.87384850221211
2025-03-26 14:57:07,151:INFO:Step: {}, Action: 1, Reward: -10.710471763301257, Total Reward: -118.58432026551337
2025-03-26 14:57:07,151:INFO:Step: {}, Action: 2, Reward: -24.535565588712895, Total Reward: -143.11988585422625
2025-03-26 14:57:07,151:INFO:Step: {}, Action: 2, Reward: 0, Total Reward: -143.11988585422625
2025-03-26 14:57:07,152:INFO:Step: {}, Action: 0, Reward: -53.815354517690906, Total Reward: -196.93524037191716
2025-03-26 14:57:07,152:INFO:Step: {}, Action: 0, Reward: 0, Total Reward: -196.93524037191716
2025-03-26 14:57:07,152:INFO:Step: {}, Action: 0, Reward: 0, Total Reward: -196.93524037191716
2025-03-26 14:57:07,152:INFO:Step: {}, Action: 1, Reward: 0, Total Reward: -196.93524037191716
2025-03-26 14:57:07,153:INFO:Step: {}, Action: 0, Reward: -3.301837302737467, Total Reward: -200.2370776746546
2025-03-26 14:57:07,153:INFO:Step: {}, Action: 1, Reward: 0, Total Reward: -200.2370776746546
2025-03-26 14:57:07,153:INFO:Step: {}, Action: 1, Reward: 0, Total Reward: -200.2370776746546
2025-03-26 14:57:07,154:INFO:Step: {}, Action: 0, Reward: -32.88339327060536, Total Reward: -233.12047094525997
2025-03-26 14:57:07,154:INFO:Step: {}, Action: 2, Reward: 0, Total Reward: -233.12047094525997
2025-03-26 14:57:07,154:INFO:Step: {}, Action: 0, Reward: 3.0367728400953737, Total Reward: -230.0836981051646
2025-03-26 14:57:07,154:INFO:Step: {}, Action: 0, Reward: 0, Total Reward: -230.0836981051646
2025-03-26 14:57:07,155:INFO:Step: {}, Action: 2, Reward: 0, Total Reward: -230.0836981051646
2025-03-26 14:57:07,155:INFO:Step: {}, Action: 2, Reward: 0, Total Reward: -230.0836981051646
2025-03-26 14:57:07,155:INFO:Step: {}, Action: 2, Reward: 0, Total Reward: -230.0836981051646
2025-03-26 14:57:07,155:INFO:Step: {}, Action: 2, Reward: 0, Total Reward: -230.0836981051646
2025-03-26 14:57:07,156:INFO:Step: {}, Action: 1, Reward: 1.205638679362951, Total Reward: -228.87805942580164
2025-03-26 14:57:07,156:INFO:Step: {}, Action: 2, Reward: 10.140953064083403, Total Reward: -218.73710636171825
2025-03-26 14:57:07,156:INFO:Step: {}, Action: 2, Reward: 0, Total Reward: -218.73710636171825
2025-03-26 14:57:07,156:INFO:Step: {}, Action: 2, Reward: 0, Total Reward: -218.73710636171825
2025-03-26 14:57:07,157:INFO:Step: {}, Action: 2, Reward: 0, Total Reward: -218.73710636171825
2025-03-26 14:57:07,157:INFO:Step: {}, Action: 1, Reward: 31.781918590105796, Total Reward: -186.95518777161246
2025-03-26 14:57:07,157:INFO:Step: {}, Action: 2, Reward: 6.25890809939884, Total Reward: -180.69627967221362
2025-03-26 14:57:07,157:INFO:Step: {}, Action: 0, Reward: 20.591932916746938, Total Reward: -160.10434675546668
2025-03-26 14:57:07,158:INFO:Step: {}, Action: 1, Reward: 0, Total Reward: -160.10434675546668
2025-03-26 14:57:07,158:INFO:Step: {}, Action: 1, Reward: 0, Total Reward: -160.10434675546668
2025-03-26 14:57:07,158:INFO:Step: {}, Action: 0, Reward: -4.5965730684299855, Total Reward: -164.70091982389667
2025-03-26 14:57:07,159:INFO:Step: {}, Action: 2, Reward: 0, Total Reward: -164.70091982389667
2025-03-26 14:57:07,159:INFO:Step: {}, Action: 2, Reward: 0, Total Reward: -164.70091982389667
2025-03-26 14:57:07,159:INFO:Step: {}, Action: 2, Reward: 0, Total Reward: -164.70091982389667
2025-03-26 14:57:07,159:INFO:Step: {}, Action: 2, Reward: 0, Total Reward: -164.70091982389667
2025-03-26 14:57:07,160:INFO:Step: {}, Action: 1, Reward: 6.235580220739539, Total Reward: -158.46533960315713
2025-03-26 14:57:07,160:INFO:Step: {}, Action: 2, Reward: 12.447744431271547, Total Reward: -146.01759517188557
2025-03-26 14:57:07,160:INFO:Step: {}, Action: 0, Reward: 19.47410567117116, Total Reward: -126.54348950071441
2025-03-26 14:57:07,160:INFO:Step: {}, Action: 2, Reward: 0, Total Reward: -126.54348950071441
2025-03-26 14:57:07,161:INFO:Step: {}, Action: 0, Reward: -27.23411680756255, Total Reward: -153.77760630827697
2025-03-26 14:57:07,161:INFO:Step: {}, Action: 0, Reward: 0, Total Reward: -153.77760630827697
2025-03-26 14:57:07,161:INFO:Step: {}, Action: 1, Reward: 0, Total Reward: -153.77760630827697
2025-03-26 14:57:07,161:INFO:Step: {}, Action: 0, Reward: -6.216180095169718, Total Reward: -159.99378640344668
2025-03-26 14:57:07,162:INFO:Step: {}, Action: 0, Reward: 0, Total Reward: -159.99378640344668
2025-03-26 14:57:07,162:INFO:Step: {}, Action: 1, Reward: 0, Total Reward: -159.99378640344668
2025-03-26 14:57:07,162:INFO:Step: {}, Action: 1, Reward: 0, Total Reward: -159.99378640344668
2025-03-26 14:57:07,163:INFO:Step: {}, Action: 2, Reward: 11.35017305126886, Total Reward: -148.64361335217782
2025-03-26 14:57:07,163:INFO:Step: {}, Action: 1, Reward: -11.244121685002735, Total Reward: -159.88773503718056
2025-03-26 14:57:07,163:INFO:Step: {}, Action: 0, Reward: -21.966566141702742, Total Reward: -181.8543011788833
2025-03-26 14:57:07,163:INFO:Step: {}, Action: 0, Reward: 0, Total Reward: -181.8543011788833
2025-03-26 14:57:07,164:INFO:Step: {}, Action: 1, Reward: 0, Total Reward: -181.8543011788833
2025-03-26 14:57:07,164:INFO:Step: {}, Action: 1, Reward: 0, Total Reward: -181.8543011788833
2025-03-26 14:57:07,164:INFO:Step: {}, Action: 1, Reward: 0, Total Reward: -181.8543011788833
2025-03-26 14:57:07,164:INFO:Step: {}, Action: 1, Reward: 0, Total Reward: -181.8543011788833
2025-03-26 14:57:07,165:INFO:Step: {}, Action: 1, Reward: 0, Total Reward: -181.8543011788833
2025-03-26 14:57:07,165:INFO:Step: {}, Action: 0, Reward: 18.148370672728905, Total Reward: -163.7059305061544
2025-03-26 14:57:07,165:INFO:Step: {}, Action: 1, Reward: 0, Total Reward: -163.7059305061544
2025-03-26 14:57:07,165:INFO:Step: {}, Action: 2, Reward: 22.229869876201246, Total Reward: -141.47606062995317
2025-03-26 14:57:07,166:INFO:Step: {}, Action: 1, Reward: 2.969782463434666, Total Reward: -138.5062781665185
2025-03-26 14:57:07,166:INFO:Step: {}, Action: 1, Reward: 0, Total Reward: -138.5062781665185
2025-03-26 14:57:07,166:INFO:Step: {}, Action: 2, Reward: 22.249040722861913, Total Reward: -116.2572374436566
2025-03-26 14:57:07,166:INFO:Step: {}, Action: 0, Reward: -8.645203918747995, Total Reward: -124.9024413624046
2025-03-26 14:57:07,167:INFO:Step: {}, Action: 1, Reward: 0, Total Reward: -124.9024413624046
2025-03-26 14:57:07,167:INFO:Step: {}, Action: 1, Reward: 0, Total Reward: -124.9024413624046
2025-03-26 14:57:07,167:INFO:Step: {}, Action: 0, Reward: 25.327324785875437, Total Reward: -99.57511657652917
2025-03-26 14:57:07,167:INFO:Step: {}, Action: 1, Reward: 0, Total Reward: -99.57511657652917
2025-03-26 14:57:07,168:INFO:Step: {}, Action: 2, Reward: 76.23054581070801, Total Reward: -23.34457076582116
2025-03-26 14:57:07,168:INFO:Step: {}, Action: 2, Reward: 0, Total Reward: -23.34457076582116
2025-03-26 14:57:07,168:INFO:Step: {}, Action: 2, Reward: 0, Total Reward: -23.34457076582116
2025-03-26 14:57:07,168:INFO:Step: {}, Action: 1, Reward: 40.379277880347836, Total Reward: 17.034707114526675
2025-03-26 14:57:07,169:INFO:Step: {}, Action: 1, Reward: 0, Total Reward: 17.034707114526675
2025-03-26 14:57:07,169:INFO:Step: {}, Action: 0, Reward: -18.752282653064746, Total Reward: -1.717575538538071
2025-03-26 14:57:07,169:INFO:Step: {}, Action: 0, Reward: 0, Total Reward: -1.717575538538071
2025-03-26 14:57:07,170:INFO:Step: {}, Action: 1, Reward: 0, Total Reward: -1.717575538538071
2025-03-26 14:57:07,170:INFO:Step: {}, Action: 1, Reward: 0, Total Reward: -1.717575538538071
2025-03-26 14:57:07,170:INFO:Step: {}, Action: 1, Reward: 0, Total Reward: -1.717575538538071
2025-03-26 14:57:07,170:INFO:Step: {}, Action: 2, Reward: 8.133924296185622, Total Reward: 6.416348757647551
2025-03-26 14:57:07,171:INFO:Step: {}, Action: 1, Reward: 19.045516023075546, Total Reward: 25.461864780723097
2025-03-26 14:57:07,171:INFO:Step: {}, Action: 1, Reward: 0, Total Reward: 25.461864780723097
2025-03-26 14:57:07,171:INFO:Step: {}, Action: 1, Reward: 0, Total Reward: 25.461864780723097
2025-03-26 14:57:07,171:INFO:Step: {}, Action: 2, Reward: 5.192969518190925, Total Reward: 30.65483429891402
2025-03-26 14:57:07,172:INFO:Step: {}, Action: 2, Reward: 0, Total Reward: 30.65483429891402
2025-03-26 14:57:07,172:INFO:Step: {}, Action: 2, Reward: 0, Total Reward: 30.65483429891402
2025-03-26 14:57:07,172:INFO:Step: {}, Action: 2, Reward: 0, Total Reward: 30.65483429891402
2025-03-26 14:57:07,172:INFO:Step: {}, Action: 0, Reward: 14.434490447132212, Total Reward: 45.08932474604623
2025-03-26 14:57:07,173:INFO:Step: {}, Action: 2, Reward: 0, Total Reward: 45.08932474604623
2025-03-26 14:57:07,173:INFO:Step: {}, Action: 0, Reward: -17.82383036885159, Total Reward: 27.265494377194642
2025-03-26 14:57:07,173:INFO:Step: {}, Action: 0, Reward: 0, Total Reward: 27.265494377194642
2025-03-26 14:57:07,173:INFO:Step: {}, Action: 0, Reward: 0, Total Reward: 27.265494377194642
2025-03-26 14:57:07,174:INFO:Step: {}, Action: 1, Reward: 0, Total Reward: 27.265494377194642
2025-03-26 14:57:07,174:INFO:Step: {}, Action: 0, Reward: 28.27234774066809, Total Reward: 55.53784211786273
2025-03-26 14:57:07,174:INFO:Step: {}, Action: 2, Reward: 0, Total Reward: 55.53784211786273
2025-03-26 14:57:07,175:INFO:Step: {}, Action: 0, Reward: -41.52067166871496, Total Reward: 14.01717044914777
2025-03-26 14:57:07,175:INFO:Step: {}, Action: 1, Reward: 0, Total Reward: 14.01717044914777
2025-03-26 14:57:07,175:INFO:Step: {}, Action: 0, Reward: -0.33515433857330074, Total Reward: 13.68201611057447
2025-03-26 14:57:07,175:INFO:Step: {}, Action: 2, Reward: 0, Total Reward: 13.68201611057447
2025-03-26 14:57:07,176:INFO:Step: {}, Action: 2, Reward: 0, Total Reward: 13.68201611057447
2025-03-26 14:57:07,176:INFO:Step: {}, Action: 2, Reward: 0, Total Reward: 13.68201611057447
2025-03-26 14:57:07,176:INFO:Step: {}, Action: 1, Reward: 24.74719460681795, Total Reward: 38.42921071739242
2025-03-26 14:57:07,176:INFO:Step: {}, Action: 2, Reward: -45.400939793343625, Total Reward: -6.9717290759512025
2025-03-26 14:57:07,177:INFO:Step: {}, Action: 1, Reward: 29.464121293965718, Total Reward: 22.492392218014515
2025-03-26 14:57:07,177:INFO:Step: {}, Action: 2, Reward: 22.378870898233032, Total Reward: 44.87126311624755
2025-03-26 14:57:07,177:INFO:Step: {}, Action: 1, Reward: 25.062425711099813, Total Reward: 69.93368882734737
2025-03-26 14:57:07,177:INFO:Step: {}, Action: 2, Reward: -5.850276040656619, Total Reward: 64.08341278669074
2025-03-26 14:57:07,178:INFO:Step: {}, Action: 0, Reward: 64.5447515412172, Total Reward: 128.62816432790794
2025-03-26 14:57:07,178:INFO:Step: {}, Action: 0, Reward: 0, Total Reward: 128.62816432790794
2025-03-26 14:57:07,178:INFO:Step: {}, Action: 2, Reward: 0, Total Reward: 128.62816432790794
2025-03-26 14:57:07,179:INFO:Step: {}, Action: 1, Reward: 23.334754160586666, Total Reward: 151.9629184884946
2025-03-26 14:57:07,179:INFO:Step: {}, Action: 1, Reward: 0, Total Reward: 151.9629184884946
2025-03-26 14:57:07,179:INFO:Step: {}, Action: 0, Reward: -107.31025793756079, Total Reward: 44.65266055093382
2025-03-26 14:57:07,179:INFO:Step: {}, Action: 0, Reward: 0, Total Reward: 44.65266055093382
2025-03-26 14:57:07,180:INFO:Step: {}, Action: 0, Reward: 0, Total Reward: 44.65266055093382
2025-03-26 14:57:07,180:INFO:Step: {}, Action: 2, Reward: 0, Total Reward: 44.65266055093382
2025-03-26 14:57:07,180:INFO:Step: {}, Action: 0, Reward: -45.129807494648745, Total Reward: -0.47714694371492783
2025-03-26 14:57:07,180:INFO:Step: {}, Action: 1, Reward: 0, Total Reward: -0.47714694371492783
2025-03-26 14:57:07,181:INFO:Step: {}, Action: 0, Reward: 29.524457720473485, Total Reward: 29.047310776758557
2025-03-26 14:57:07,181:INFO:Step: {}, Action: 0, Reward: 0, Total Reward: 29.047310776758557
2025-03-26 14:57:07,181:INFO:Step: {}, Action: 1, Reward: 0, Total Reward: 29.047310776758557
2025-03-26 14:57:07,181:INFO:Step: {}, Action: 1, Reward: 0, Total Reward: 29.047310776758557
2025-03-26 14:57:07,182:INFO:Step: {}, Action: 1, Reward: 0, Total Reward: 29.047310776758557
2025-03-26 14:57:07,182:INFO:Step: {}, Action: 1, Reward: 0, Total Reward: 29.047310776758557
2025-03-26 14:57:07,182:INFO:Step: {}, Action: 2, Reward: -70.75145960198368, Total Reward: -41.704148825225126
2025-03-26 14:57:07,182:INFO:Step: {}, Action: 1, Reward: 105.9034034508703, Total Reward: 64.19925462564518
2025-03-26 14:57:07,183:INFO:Step: {}, Action: 0, Reward: 23.73983947650886, Total Reward: 87.93909410215404
2025-03-26 14:57:07,183:INFO:Step: {}, Action: 2, Reward: 0, Total Reward: 87.93909410215404
2025-03-26 14:57:07,183:INFO:Step: {}, Action: 2, Reward: 0, Total Reward: 87.93909410215404
2025-03-26 14:57:07,184:INFO:Step: {}, Action: 1, Reward: 32.40207831191231, Total Reward: 120.34117241406636
2025-03-26 14:57:07,184:INFO:Step: {}, Action: 0, Reward: -18.088028404904097, Total Reward: 102.25314400916227
2025-03-26 14:57:07,184:INFO:Step: {}, Action: 1, Reward: 0, Total Reward: 102.25314400916227
2025-03-26 14:57:07,184:INFO:Step: {}, Action: 0, Reward: 28.94947900523693, Total Reward: 131.2026230143992
2025-03-26 14:57:07,185:INFO:Step: {}, Action: 2, Reward: 0, Total Reward: 131.2026230143992
2025-03-26 14:57:07,185:INFO:Step: {}, Action: 1, Reward: 8.968323625628168, Total Reward: 140.17094664002735
2025-03-26 14:57:07,185:INFO:Step: {}, Action: 2, Reward: 36.44855036352671, Total Reward: 176.61949700355405
2025-03-26 14:57:07,185:INFO:Step: {}, Action: 1, Reward: -19.60628292248296, Total Reward: 157.01321408107108
2025-03-26 14:57:07,186:INFO:Step: {}, Action: 2, Reward: 5.654365773932565, Total Reward: 162.66757985500365
2025-03-26 14:57:07,186:INFO:Step: {}, Action: 1, Reward: 8.032281517179703, Total Reward: 170.69986137218336
2025-03-26 14:57:07,186:INFO:Step: {}, Action: 1, Reward: 0, Total Reward: 170.69986137218336
2025-03-26 14:57:07,186:INFO:Step: {}, Action: 0, Reward: -16.712950312335867, Total Reward: 153.9869110598475
2025-03-26 14:57:07,187:INFO:Step: {}, Action: 1, Reward: 0, Total Reward: 153.9869110598475
2025-03-26 14:57:07,187:INFO:Step: {}, Action: 1, Reward: 0, Total Reward: 153.9869110598475
2025-03-26 14:57:07,187:INFO:Step: {}, Action: 2, Reward: -21.422642232296905, Total Reward: 132.5642688275506
2025-03-26 14:57:07,188:INFO:Step: {}, Action: 1, Reward: -41.65746810900191, Total Reward: 90.90680071854868
2025-03-26 14:57:07,188:INFO:Step: {}, Action: 0, Reward: 7.2964559615867515, Total Reward: 98.20325668013544
2025-03-26 14:57:07,188:INFO:Step: {}, Action: 2, Reward: 0, Total Reward: 98.20325668013544
2025-03-26 14:57:07,188:INFO:Step: {}, Action: 0, Reward: -8.481602546386974, Total Reward: 89.72165413374847
2025-03-26 14:57:07,189:INFO:Step: {}, Action: 1, Reward: 0, Total Reward: 89.72165413374847
2025-03-26 14:57:07,189:INFO:Step: {}, Action: 1, Reward: 0, Total Reward: 89.72165413374847
2025-03-26 14:57:07,189:INFO:Step: {}, Action: 0, Reward: 3.766549871969129, Total Reward: 93.4882040057176
2025-03-26 14:57:07,189:INFO:Step: {}, Action: 1, Reward: 0, Total Reward: 93.4882040057176
2025-03-26 14:57:07,190:INFO:Step: {}, Action: 1, Reward: 0, Total Reward: 93.4882040057176
2025-03-26 14:57:07,190:INFO:Step: {}, Action: 2, Reward: -84.82676601503435, Total Reward: 8.661437990683254
2025-03-26 14:57:07,190:INFO:Step: {}, Action: 2, Reward: 0, Total Reward: 8.661437990683254
2025-03-26 14:57:07,190:INFO:Step: {}, Action: 1, Reward: -67.35388629060505, Total Reward: -58.69244829992179
2025-03-26 14:57:07,191:INFO:Step: {}, Action: 1, Reward: 0, Total Reward: -58.69244829992179
2025-03-26 14:57:07,191:INFO:Step: {}, Action: 1, Reward: 0, Total Reward: -58.69244829992179
2025-03-26 14:57:07,191:INFO:Step: {}, Action: 1, Reward: 0, Total Reward: -58.69244829992179
2025-03-26 14:57:07,191:INFO:Step: {}, Action: 1, Reward: 0, Total Reward: -58.69244829992179
2025-03-26 14:57:07,192:INFO:Step: {}, Action: 0, Reward: -35.67963542934062, Total Reward: -94.37208372926241
2025-03-26 14:57:07,192:INFO:Step: {}, Action: 2, Reward: 0, Total Reward: -94.37208372926241
2025-03-26 14:57:07,192:INFO:Step: {}, Action: 2, Reward: 0, Total Reward: -94.37208372926241
2025-03-26 14:57:07,193:INFO:Step: {}, Action: 1, Reward: 22.30405317387942, Total Reward: -72.06803055538299
2025-03-26 14:57:07,193:INFO:Step: {}, Action: 0, Reward: 32.51188546645492, Total Reward: -39.55614508892807
2025-03-26 14:57:07,193:INFO:Step: {}, Action: 1, Reward: 0, Total Reward: -39.55614508892807
2025-03-26 14:57:07,193:INFO:Step: {}, Action: 2, Reward: -21.161540484118678, Total Reward: -60.71768557304675
2025-03-26 14:57:07,194:INFO:Step: {}, Action: 2, Reward: 0, Total Reward: -60.71768557304675
2025-03-26 14:57:07,194:INFO:Step: {}, Action: 0, Reward: -39.3969504665104, Total Reward: -100.11463603955715
2025-03-26 14:57:07,194:INFO:Step: {}, Action: 1, Reward: 0, Total Reward: -100.11463603955715
2025-03-26 14:57:07,194:INFO:Step: {}, Action: 2, Reward: 17.51036214468608, Total Reward: -82.60427389487107
2025-03-26 14:57:07,195:INFO:Step: {}, Action: 1, Reward: 2.086191310064465, Total Reward: -80.5180825848066
2025-03-26 14:57:07,195:INFO:Step: {}, Action: 1, Reward: 0, Total Reward: -80.5180825848066
2025-03-26 14:57:07,195:INFO:Step: {}, Action: 2, Reward: -16.345241858994857, Total Reward: -96.86332444380146
2025-03-26 14:57:07,196:INFO:Step: {}, Action: 0, Reward: 2.628387215271016, Total Reward: -94.23493722853044
2025-03-26 14:57:07,196:INFO:Step: {}, Action: 0, Reward: 0, Total Reward: -94.23493722853044
2025-03-26 14:57:07,196:INFO:Step: {}, Action: 0, Reward: 0, Total Reward: -94.23493722853044
2025-03-26 14:57:07,196:INFO:Step: {}, Action: 0, Reward: 0, Total Reward: -94.23493722853044
2025-03-26 14:57:07,197:INFO:Step: {}, Action: 1, Reward: 0, Total Reward: -94.23493722853044
2025-03-26 14:57:07,197:INFO:Step: {}, Action: 2, Reward: -18.90684083877494, Total Reward: -113.14177806730538
2025-03-26 14:57:07,197:INFO:Step: {}, Action: 1, Reward: 16.519016002399056, Total Reward: -96.62276206490633
2025-03-26 14:57:07,197:INFO:Step: {}, Action: 1, Reward: 0, Total Reward: -96.62276206490633
2025-03-26 14:57:07,198:INFO:Step: {}, Action: 1, Reward: 0, Total Reward: -96.62276206490633
2025-03-26 14:57:07,198:INFO:Step: {}, Action: 2, Reward: 28.30128409889519, Total Reward: -68.32147796601113
2025-03-26 14:57:07,198:INFO:Step: {}, Action: 1, Reward: 6.56163798869852, Total Reward: -61.75983997731261
2025-03-26 14:57:07,198:INFO:Step: {}, Action: 0, Reward: -4.016064257028808, Total Reward: -65.77590423434141
2025-03-26 14:57:07,199:INFO:Step: {}, Action: 2, Reward: 0, Total Reward: -65.77590423434141
2025-03-26 14:57:07,199:INFO:Step: {}, Action: 1, Reward: 79.808382616646, Total Reward: 14.032478382304589
2025-03-26 14:57:07,199:INFO:Step: {}, Action: 1, Reward: 0, Total Reward: 14.032478382304589
2025-03-26 14:57:07,199:INFO:Step: {}, Action: 0, Reward: 5.192444992535565, Total Reward: 19.224923374840152
2025-03-26 14:57:07,200:INFO:Step: {}, Action: 2, Reward: 0, Total Reward: 19.224923374840152
2025-03-26 14:57:07,200:INFO:Step: {}, Action: 2, Reward: 0, Total Reward: 19.224923374840152
2025-03-26 14:57:07,200:INFO:Step: {}, Action: 1, Reward: -69.0259421152003, Total Reward: -49.80101874036014
2025-03-26 14:57:07,200:INFO:Step: {}, Action: 0, Reward: -7.674054951370486, Total Reward: -57.47507369173063
2025-03-26 14:57:07,201:INFO:Step: {}, Action: 2, Reward: 0, Total Reward: -57.47507369173063
2025-03-26 14:57:07,201:INFO:Step: {}, Action: 1, Reward: 0.38348337120196746, Total Reward: -57.09159032052866
2025-03-26 14:57:07,201:INFO:Step: {}, Action: 1, Reward: 0, Total Reward: -57.09159032052866
2025-03-26 14:57:07,201:INFO:Step: {}, Action: 2, Reward: -64.20396984426829, Total Reward: -121.29556016479694
2025-03-26 14:57:07,202:INFO:Step: {}, Action: 1, Reward: 30.234802187198746, Total Reward: -91.0607579775982
2025-03-26 14:57:07,202:INFO:Step: {}, Action: 0, Reward: 26.067879726416077, Total Reward: -64.99287825118212
2025-03-26 14:57:07,202:INFO:Step: {}, Action: 1, Reward: 0, Total Reward: -64.99287825118212
2025-03-26 14:57:07,203:INFO:Step: {}, Action: 1, Reward: 0, Total Reward: -64.99287825118212
2025-03-26 14:57:07,203:INFO:Step: {}, Action: 0, Reward: 43.735372182894075, Total Reward: -21.257506068288045
2025-03-26 14:57:07,203:INFO:Step: {}, Action: 2, Reward: 0, Total Reward: -21.257506068288045
2025-03-26 14:57:07,203:INFO:Step: {}, Action: 1, Reward: 37.80796743090989, Total Reward: 16.550461362621846
2025-03-26 14:57:07,204:INFO:Step: {}, Action: 1, Reward: 0, Total Reward: 16.550461362621846
2025-03-26 14:57:07,204:INFO:Step: {}, Action: 1, Reward: 0, Total Reward: 16.550461362621846
2025-03-26 14:57:07,204:INFO:Step: {}, Action: 1, Reward: 0, Total Reward: 16.550461362621846
2025-03-26 14:57:07,204:INFO:Step: {}, Action: 0, Reward: 97.9371703267666, Total Reward: 114.48763168938845
2025-03-26 14:57:07,205:INFO:Step: {}, Action: 1, Reward: 0, Total Reward: 114.48763168938845
2025-03-26 14:57:07,205:INFO:Step: {}, Action: 1, Reward: 0, Total Reward: 114.48763168938845
2025-03-26 14:57:07,205:INFO:Step: {}, Action: 1, Reward: 0, Total Reward: 114.48763168938845
2025-03-26 14:57:07,205:INFO:Step: {}, Action: 2, Reward: -25.15504366535968, Total Reward: 89.33258802402877
2025-03-26 14:57:07,206:INFO:Step: {}, Action: 1, Reward: -17.57363320591909, Total Reward: 71.75895481810967
2025-03-26 14:57:07,206:INFO:Step: {}, Action: 2, Reward: 1.488288436632968, Total Reward: 73.24724325474264
2025-03-26 14:57:07,206:INFO:Step: {}, Action: 0, Reward: 15.862160673240181, Total Reward: 89.10940392798283
2025-03-26 14:57:07,207:INFO:Step: {}, Action: 1, Reward: 0, Total Reward: 89.10940392798283
2025-03-26 14:57:07,207:INFO:Step: {}, Action: 0, Reward: 36.263177949955775, Total Reward: 125.3725818779386
2025-03-26 14:57:07,207:INFO:Step: {}, Action: 0, Reward: 0, Total Reward: 125.3725818779386
2025-03-26 14:57:07,207:INFO:Step: {}, Action: 1, Reward: 0, Total Reward: 125.3725818779386
2025-03-26 14:57:07,208:INFO:Step: {}, Action: 0, Reward: 13.875908824506674, Total Reward: 139.24849070244528
2025-03-26 14:57:07,208:INFO:Step: {}, Action: 1, Reward: 0, Total Reward: 139.24849070244528
2025-03-26 14:57:07,208:INFO:Step: {}, Action: 0, Reward: -18.792962098757762, Total Reward: 120.45552860368753
2025-03-26 14:57:07,208:INFO:Step: {}, Action: 1, Reward: 0, Total Reward: 120.45552860368753
2025-03-26 14:57:07,209:INFO:Step: {}, Action: 2, Reward: -23.109582415219904, Total Reward: 97.34594618846762
2025-03-26 14:57:07,209:INFO:Step: {}, Action: 2, Reward: 0, Total Reward: 97.34594618846762
2025-03-26 14:57:07,209:INFO:Step: {}, Action: 0, Reward: -19.835988694119433, Total Reward: 77.50995749434819
2025-03-26 14:57:07,209:INFO:Step: {}, Action: 1, Reward: 0, Total Reward: 77.50995749434819
2025-03-26 14:57:07,210:INFO:Step: {}, Action: 2, Reward: 32.83184973819798, Total Reward: 110.34180723254616
2025-03-26 14:57:07,210:INFO:Step: {}, Action: 1, Reward: 3.118110236219785, Total Reward: 113.45991746876595
2025-03-26 14:57:07,210:INFO:Step: {}, Action: 1, Reward: 0, Total Reward: 113.45991746876595
2025-03-26 14:57:07,210:INFO:Step: {}, Action: 0, Reward: 23.282850400596946, Total Reward: 136.7427678693629
2025-03-26 14:57:07,211:INFO:Step: {}, Action: 1, Reward: 0, Total Reward: 136.7427678693629
2025-03-26 14:57:07,211:INFO:Step: {}, Action: 0, Reward: -28.71240734509329, Total Reward: 108.03036052426961
2025-03-26 14:57:07,211:INFO:Step: {}, Action: 0, Reward: 0, Total Reward: 108.03036052426961
2025-03-26 14:57:07,212:INFO:Step: {}, Action: 1, Reward: 0, Total Reward: 108.03036052426961
2025-03-26 14:57:07,212:INFO:Step: {}, Action: 2, Reward: -19.069268169476427, Total Reward: 88.96109235479318
2025-03-26 14:57:07,212:INFO:Step: {}, Action: 1, Reward: 4.934585115266675, Total Reward: 93.89567747005985
2025-03-26 14:57:07,212:INFO:Step: {}, Action: 2, Reward: -3.797708715742366, Total Reward: 90.09796875431749
2025-03-26 14:57:07,213:INFO:Step: {}, Action: 0, Reward: 1.614639397200543, Total Reward: 91.71260815151804
2025-03-26 14:57:07,213:INFO:Step: {}, Action: 1, Reward: 0, Total Reward: 91.71260815151804
2025-03-26 14:57:07,213:INFO:Step: {}, Action: 1, Reward: 0, Total Reward: 91.71260815151804
2025-03-26 14:57:07,213:INFO:Step: {}, Action: 1, Reward: 0, Total Reward: 91.71260815151804
2025-03-26 14:57:07,214:INFO:Step: {}, Action: 2, Reward: -22.409318224979195, Total Reward: 69.30328992653884
2025-03-26 14:57:07,214:INFO:Step: {}, Action: 2, Reward: 0, Total Reward: 69.30328992653884
2025-03-26 14:57:07,214:INFO:Step: {}, Action: 0, Reward: 19.414272662674936, Total Reward: 88.71756258921377
2025-03-26 14:57:07,214:INFO:Step: {}, Action: 2, Reward: 0, Total Reward: 88.71756258921377
2025-03-26 14:57:07,215:INFO:Step: {}, Action: 0, Reward: 2.3915511281743855, Total Reward: 91.10911371738815
2025-03-26 14:57:07,215:INFO:Step: {}, Action: 1, Reward: 0, Total Reward: 91.10911371738815
2025-03-26 14:57:07,215:INFO:Step: {}, Action: 1, Reward: 0, Total Reward: 91.10911371738815
2025-03-26 14:57:07,216:INFO:Step: {}, Action: 0, Reward: 33.09628095629853, Total Reward: 124.20539467368668
2025-03-26 14:57:07,216:INFO:Step: {}, Action: 2, Reward: 0, Total Reward: 124.20539467368668
2025-03-26 14:57:07,216:INFO:Step: {}, Action: 0, Reward: 5.7091927518617585, Total Reward: 129.91458742554843
2025-03-26 14:57:07,216:INFO:Step: {}, Action: 0, Reward: 0, Total Reward: 129.91458742554843
2025-03-26 14:57:07,217:INFO:Step: {}, Action: 2, Reward: 0, Total Reward: 129.91458742554843
2025-03-26 14:57:07,217:INFO:Step: {}, Action: 1, Reward: 17.142748300011082, Total Reward: 147.0573357255595
2025-03-26 14:57:07,217:INFO:Step: {}, Action: 2, Reward: 6.137466530138113, Total Reward: 153.19480225569762
2025-03-26 14:57:07,217:INFO:Step: {}, Action: 2, Reward: 0, Total Reward: 153.19480225569762
2025-03-26 14:57:07,218:INFO:Step: {}, Action: 1, Reward: 41.82358456086923, Total Reward: 195.01838681656685
2025-03-26 14:57:07,218:INFO:Step: {}, Action: 1, Reward: 0, Total Reward: 195.01838681656685
2025-03-26 14:57:07,218:INFO:Step: {}, Action: 1, Reward: 0, Total Reward: 195.01838681656685
2025-03-26 14:57:07,218:INFO:Step: {}, Action: 2, Reward: 1.3404012906151892, Total Reward: 196.35878810718202
2025-03-26 14:57:07,219:INFO:Step: {}, Action: 0, Reward: -10.211212549581095, Total Reward: 186.14757555760093
2025-03-26 14:57:07,219:INFO:Step: {}, Action: 1, Reward: 0, Total Reward: 186.14757555760093
2025-03-26 14:57:07,219:INFO:Step: {}, Action: 1, Reward: 0, Total Reward: 186.14757555760093
2025-03-26 14:57:07,220:INFO:Step: {}, Action: 1, Reward: 0, Total Reward: 186.14757555760093
2025-03-26 14:57:07,220:INFO:Step: {}, Action: 2, Reward: 36.613345229750294, Total Reward: 222.7609207873512
2025-03-26 14:57:07,220:INFO:Step: {}, Action: 2, Reward: 0, Total Reward: 222.7609207873512
2025-03-26 14:57:07,220:INFO:Step: {}, Action: 0, Reward: 31.11417314084936, Total Reward: 253.87509392820056
2025-03-26 14:57:07,221:INFO:Step: {}, Action: 1, Reward: 0, Total Reward: 253.87509392820056
2025-03-26 14:57:07,221:INFO:Step: {}, Action: 1, Reward: 0, Total Reward: 253.87509392820056
2025-03-26 14:57:07,221:INFO:Step: {}, Action: 1, Reward: 0, Total Reward: 253.87509392820056
2025-03-26 14:57:07,221:INFO:Step: {}, Action: 1, Reward: 0, Total Reward: 253.87509392820056
2025-03-26 14:57:07,222:INFO:Step: {}, Action: 2, Reward: -15.44433511341208, Total Reward: 238.43075881478848
2025-03-26 14:57:07,222:INFO:Step: {}, Action: 2, Reward: 0, Total Reward: 238.43075881478848
2025-03-26 14:57:07,222:INFO:Step: {}, Action: 2, Reward: 0, Total Reward: 238.43075881478848
2025-03-26 14:57:07,222:INFO:Step: {}, Action: 1, Reward: -24.525906884476456, Total Reward: 213.90485193031202
2025-03-26 14:57:07,223:INFO:Step: {}, Action: 1, Reward: 0, Total Reward: 213.90485193031202
2025-03-26 14:57:07,223:INFO:Step: {}, Action: 1, Reward: 0, Total Reward: 213.90485193031202
2025-03-26 14:57:07,223:INFO:Step: {}, Action: 0, Reward: 26.597521594579092, Total Reward: 240.5023735248911
2025-03-26 14:57:07,224:INFO:Step: {}, Action: 0, Reward: 0, Total Reward: 240.5023735248911
2025-03-26 14:57:07,224:INFO:Step: {}, Action: 0, Reward: 0, Total Reward: 240.5023735248911
2025-03-26 14:57:07,224:INFO:Step: {}, Action: 2, Reward: 0, Total Reward: 240.5023735248911
2025-03-26 14:57:07,224:INFO:Step: {}, Action: 1, Reward: 25.989870940275058, Total Reward: 266.49224446516615
2025-03-26 14:57:07,225:INFO:Step: {}, Action: 1, Reward: 0, Total Reward: 266.49224446516615
2025-03-26 14:57:07,225:INFO:Step: {}, Action: 0, Reward: -51.25509683995825, Total Reward: 215.2371476252079
2025-03-26 14:57:07,225:INFO:Step: {}, Action: 2, Reward: 0, Total Reward: 215.2371476252079
2025-03-26 14:57:07,225:INFO:Step: {}, Action: 0, Reward: 2.270038686574916, Total Reward: 217.50718631178282
2025-03-26 14:57:07,226:INFO:Step: {}, Action: 2, Reward: 0, Total Reward: 217.50718631178282
2025-03-26 14:57:07,226:INFO:Step: {}, Action: 1, Reward: -4.604772975099225, Total Reward: 212.9024133366836
2025-03-26 14:57:07,226:INFO:Step: {}, Action: 2, Reward: 30.620431306993563, Total Reward: 243.52284464367716
2025-03-26 14:57:07,226:INFO:Step: {}, Action: 2, Reward: 0, Total Reward: 243.52284464367716
2025-03-26 14:57:07,227:INFO:Step: {}, Action: 2, Reward: 0, Total Reward: 243.52284464367716
2025-03-26 14:57:07,227:INFO:Step: {}, Action: 1, Reward: 26.161410485595407, Total Reward: 269.6842551292726
2025-03-26 14:57:07,227:INFO:Step: {}, Action: 0, Reward: -29.36102236421743, Total Reward: 240.32323276505514
2025-03-26 14:57:07,228:INFO:Step: {}, Action: 1, Reward: 0, Total Reward: 240.32323276505514
2025-03-26 14:57:07,228:INFO:Step: {}, Action: 1, Reward: 0, Total Reward: 240.32323276505514
2025-03-26 14:57:07,228:INFO:Step: {}, Action: 1, Reward: 0, Total Reward: 240.32323276505514
2025-03-26 14:57:07,228:INFO:Step: {}, Action: 2, Reward: 149.64842408623997, Total Reward: 389.9716568512951
2025-03-26 14:57:07,229:INFO:Step: {}, Action: 1, Reward: 33.358628976157995, Total Reward: 423.3302858274531
2025-03-26 14:57:07,229:INFO:Step: {}, Action: 1, Reward: 0, Total Reward: 423.3302858274531
2025-03-26 14:57:07,229:INFO:Step: {}, Action: 0, Reward: -82.93015656477634, Total Reward: 340.4001292626768
2025-03-26 14:57:07,229:INFO:Step: {}, Action: 2, Reward: 0, Total Reward: 340.4001292626768
2025-03-26 14:57:07,230:INFO:Step: {}, Action: 0, Reward: 44.738427617326316, Total Reward: 385.1385568800031
2025-03-26 14:57:07,230:INFO:Step: {}, Action: 1, Reward: 0, Total Reward: 385.1385568800031
2025-03-26 14:57:07,230:INFO:Step: {}, Action: 1, Reward: 0, Total Reward: 385.1385568800031
2025-03-26 14:57:07,230:INFO:Step: {}, Action: 1, Reward: 0, Total Reward: 385.1385568800031
2025-03-26 14:57:07,231:INFO:Step: {}, Action: 0, Reward: -5.380304243394192, Total Reward: 379.7582526366089
2025-03-26 14:57:07,231:INFO:Step: {}, Action: 1, Reward: 0, Total Reward: 379.7582526366089
2025-03-26 14:57:07,231:INFO:Step: {}, Action: 0, Reward: 17.360498288016938, Total Reward: 397.11875092462583
2025-03-26 14:57:07,232:INFO:Step: {}, Action: 2, Reward: 0, Total Reward: 397.11875092462583
2025-03-26 14:57:07,232:INFO:Step: {}, Action: 1, Reward: -11.311819573283714, Total Reward: 385.8069313513421
2025-03-26 14:57:07,232:INFO:Step: {}, Action: 2, Reward: 12.8949476701318, Total Reward: 398.70187902147387
2025-03-26 14:57:07,232:INFO:Step: {}, Action: 1, Reward: -26.266715544858325, Total Reward: 372.43516347661557
2025-03-26 14:57:07,233:INFO:Step: {}, Action: 1, Reward: 0, Total Reward: 372.43516347661557
2025-03-26 14:57:07,233:INFO:Step: {}, Action: 2, Reward: 10.936988322221653, Total Reward: 383.37215179883725
2025-03-26 14:57:07,233:INFO:Step: {}, Action: 1, Reward: -12.576499096461228, Total Reward: 370.795652702376
2025-03-26 14:57:07,233:INFO:Step: {}, Action: 2, Reward: 0.38062733728939685, Total Reward: 371.1762800396654
2025-03-26 14:57:07,234:INFO:Step: {}, Action: 1, Reward: 18.523158706043642, Total Reward: 389.6994387457091
2025-03-26 14:57:07,234:INFO:Step: {}, Action: 1, Reward: 0, Total Reward: 389.6994387457091
2025-03-26 14:57:07,234:INFO:Step: {}, Action: 2, Reward: -30.124214720826757, Total Reward: 359.57522402488235
2025-03-26 14:57:07,234:INFO:Step: {}, Action: 1, Reward: 11.633503214351716, Total Reward: 371.20872723923407
2025-03-26 14:57:07,235:INFO:Step: {}, Action: 0, Reward: 31.143900135296516, Total Reward: 402.3526273745306
2025-03-26 14:57:07,235:INFO:Step: {}, Action: 1, Reward: 0, Total Reward: 402.3526273745306
2025-03-26 14:57:07,235:INFO:Step: {}, Action: 2, Reward: 7.127629108728916, Total Reward: 409.4802564832595
2025-03-26 14:57:07,235:INFO:Step: {}, Action: 0, Reward: 2.00321786743184, Total Reward: 411.4834743506913
2025-03-26 14:57:07,236:INFO:Step: {}, Action: 1, Reward: 0, Total Reward: 411.4834743506913
2025-03-26 14:57:07,236:INFO:Step: {}, Action: 2, Reward: -7.284827200081322, Total Reward: 404.19864715061
2025-03-26 14:57:07,236:INFO:Step: {}, Action: 1, Reward: -19.610152710880307, Total Reward: 384.5884944397297
2025-03-26 14:57:07,237:INFO:Step: {}, Action: 1, Reward: 0, Total Reward: 384.5884944397297
2025-03-26 14:57:07,237:INFO:Step: {}, Action: 2, Reward: -1.7157073003344474, Total Reward: 382.87278713939526
2025-03-26 14:57:07,237:INFO:Step: {}, Action: 2, Reward: 0, Total Reward: 382.87278713939526
2025-03-26 14:57:07,237:INFO:Step: {}, Action: 1, Reward: 75.56763112318586, Total Reward: 458.44041826258115
2025-03-26 14:57:07,238:INFO:Step: {}, Action: 2, Reward: 29.874450460604233, Total Reward: 488.3148687231854
2025-03-26 14:57:07,238:INFO:Step: {}, Action: 0, Reward: 6.35295619971982, Total Reward: 494.6678249229052
2025-03-26 14:57:07,238:INFO:Step: {}, Action: 0, Reward: 0, Total Reward: 494.6678249229052
2025-03-26 14:57:07,238:INFO:Step: {}, Action: 2, Reward: 0, Total Reward: 494.6678249229052
2025-03-26 14:57:07,239:INFO:Step: {}, Action: 1, Reward: -4.409058378489256, Total Reward: 490.25876654441595
2025-03-26 14:57:07,239:INFO:Step: {}, Action: 2, Reward: 21.396863922331995, Total Reward: 511.65563046674794
2025-03-26 14:57:07,239:INFO:Step: {}, Action: 1, Reward: 69.34353091140923, Total Reward: 580.9991613781572
2025-03-26 14:57:07,239:INFO:Step: {}, Action: 2, Reward: -83.33761199394078, Total Reward: 497.6615493842164
2025-03-26 14:57:07,240:INFO:Step: {}, Action: 0, Reward: -59.056328411433306, Total Reward: 438.6052209727831
2025-03-26 14:57:07,240:INFO:Step: {}, Action: 2, Reward: 0, Total Reward: 438.6052209727831
2025-03-26 14:57:07,240:INFO:Step: {}, Action: 1, Reward: 75.08850981654305, Total Reward: 513.6937307893262
2025-03-26 14:57:07,240:INFO:Step: {}, Action: 2, Reward: 40.66583000126461, Total Reward: 554.3595607905908
2025-03-26 14:57:07,241:INFO:Step: {}, Action: 0, Reward: 7.686817108659003, Total Reward: 562.0463778992498
2025-03-26 14:57:07,241:INFO:Step: {}, Action: 1, Reward: 0, Total Reward: 562.0463778992498
2025-03-26 14:57:07,241:INFO:Step: {}, Action: 2, Reward: 56.91580064991492, Total Reward: 618.9621785491647
2025-03-26 14:57:07,241:INFO:Step: {}, Action: 2, Reward: 0, Total Reward: 618.9621785491647
2025-03-26 14:57:07,242:INFO:Step: {}, Action: 1, Reward: 17.21164889515965, Total Reward: 636.1738274443244
2025-03-26 14:57:07,242:INFO:Step: {}, Action: 2, Reward: 5.095484247262846, Total Reward: 641.2693116915873
2025-03-26 14:57:07,242:INFO:Step: {}, Action: 1, Reward: 1.4734144778988993, Total Reward: 642.7427261694862
2025-03-26 14:57:07,243:INFO:Step: {}, Action: 1, Reward: 0, Total Reward: 642.7427261694862
2025-03-26 14:57:07,243:INFO:Step: {}, Action: 0, Reward: 2.0502700590089273, Total Reward: 644.7929962284951
2025-03-26 14:57:07,243:INFO:Step: {}, Action: 0, Reward: 0, Total Reward: 644.7929962284951
2025-03-26 14:57:07,243:INFO:Step: {}, Action: 2, Reward: 0, Total Reward: 644.7929962284951
2025-03-26 14:57:07,244:INFO:Step: {}, Action: 1, Reward: 0.19186492709115321, Total Reward: 644.9848611555863
2025-03-26 14:57:07,244:INFO:Step: {}, Action: 0, Reward: -1.662861272600465, Total Reward: 643.3219998829858
2025-03-26 14:57:07,244:INFO:Step: {}, Action: 2, Reward: 0, Total Reward: 643.3219998829858
2025-03-26 14:57:07,244:INFO:Step: {}, Action: 2, Reward: 0, Total Reward: 643.3219998829858
2025-03-26 14:57:07,245:INFO:Step: {}, Action: 2, Reward: 0, Total Reward: 643.3219998829858
2025-03-26 14:57:07,245:INFO:Step: {}, Action: 1, Reward: -3.0162331098969495, Total Reward: 640.3057667730889
2025-03-26 14:57:07,245:INFO:Step: {}, Action: 2, Reward: 20.78648621772567, Total Reward: 661.0922529908146
2025-03-26 14:57:07,245:INFO:Step: {}, Action: 2, Reward: 0, Total Reward: 661.0922529908146
2025-03-26 14:57:07,246:INFO:Step: {}, Action: 1, Reward: 7.0104901260929635, Total Reward: 668.1027431169075
2025-03-26 14:57:07,246:INFO:Step: {}, Action: 1, Reward: 0, Total Reward: 668.1027431169075
2025-03-26 14:57:07,246:INFO:Step: {}, Action: 2, Reward: 23.416728064837752, Total Reward: 691.5194711817453
2025-03-26 14:57:07,247:INFO:Step: {}, Action: 1, Reward: 5.209315406470766, Total Reward: 696.728786588216
2025-03-26 14:57:07,247:INFO:Step: {}, Action: 1, Reward: 0, Total Reward: 696.728786588216
2025-03-26 14:57:07,247:INFO:Step: {}, Action: 2, Reward: -21.71146454859967, Total Reward: 675.0173220396164
2025-03-26 14:57:07,247:INFO:Step: {}, Action: 0, Reward: 6.280863554648436, Total Reward: 681.2981855942649
2025-03-26 14:57:07,248:INFO:Step: {}, Action: 1, Reward: 0, Total Reward: 681.2981855942649
2025-03-26 14:57:07,248:INFO:Step: {}, Action: 2, Reward: -10.542844324809215, Total Reward: 670.7553412694556
2025-03-26 14:57:07,248:INFO:Step: {}, Action: 0, Reward: 8.789629520322912, Total Reward: 679.5449707897785
2025-03-26 14:57:07,248:INFO:Step: {}, Action: 1, Reward: 0, Total Reward: 679.5449707897785
2025-03-26 14:57:07,249:INFO:Step: {}, Action: 2, Reward: 15.318214223780746, Total Reward: 694.8631850135592
2025-03-26 14:57:07,249:INFO:Step: {}, Action: 2, Reward: 0, Total Reward: 694.8631850135592
2025-03-26 14:57:07,249:INFO:Step: {}, Action: 2, Reward: 0, Total Reward: 694.8631850135592
2025-03-26 14:57:07,249:INFO:Step: {}, Action: 1, Reward: -6.797682375084221, Total Reward: 688.065502638475
2025-03-26 14:57:07,250:INFO:Step: {}, Action: 0, Reward: -6.4726370869287395, Total Reward: 681.5928655515462
2025-03-26 14:57:07,250:INFO:Step: {}, Action: 0, Reward: 0, Total Reward: 681.5928655515462
2025-03-26 14:57:07,250:INFO:Step: {}, Action: 1, Reward: 0, Total Reward: 681.5928655515462
2025-03-26 14:57:07,250:INFO:Step: {}, Action: 2, Reward: 13.90025842281802, Total Reward: 695.4931239743643
2025-03-26 14:57:07,251:INFO:Step: {}, Action: 2, Reward: 0, Total Reward: 695.4931239743643
2025-03-26 14:57:07,251:INFO:Step: {}, Action: 1, Reward: -21.76714603543, Total Reward: 673.7259779389343
2025-03-26 14:57:07,251:INFO:Step: {}, Action: 2, Reward: -3.998502960491592, Total Reward: 669.7274749784427
2025-03-26 14:57:07,252:INFO:Step: {}, Action: 0, Reward: -44.897149367022976, Total Reward: 624.8303256114198
2025-03-26 14:57:07,252:INFO:Step: {}, Action: 1, Reward: 0, Total Reward: 624.8303256114198
2025-03-26 14:57:07,252:INFO:Step: {}, Action: 2, Reward: 14.84342579883197, Total Reward: 639.6737514102517
2025-03-26 14:57:07,252:INFO:Step: {}, Action: 2, Reward: 0, Total Reward: 639.6737514102517
2025-03-26 14:57:07,253:INFO:Step: {}, Action: 1, Reward: -8.35099686040732, Total Reward: 631.3227545498444
2025-03-26 14:57:07,253:INFO:Step: {}, Action: 1, Reward: 0, Total Reward: 631.3227545498444
2025-03-26 14:57:07,253:INFO:Step: {}, Action: 0, Reward: 19.84095389446402, Total Reward: 651.1637084443084
2025-03-26 14:57:07,253:INFO:Step: {}, Action: 1, Reward: 0, Total Reward: 651.1637084443084
2025-03-26 14:57:07,254:INFO:Step: {}, Action: 1, Reward: 0, Total Reward: 651.1637084443084
2025-03-26 14:57:07,254:INFO:Step: {}, Action: 1, Reward: 0, Total Reward: 651.1637084443084
2025-03-26 14:57:07,254:INFO:Step: {}, Action: 1, Reward: 0, Total Reward: 651.1637084443084
2025-03-26 14:57:07,254:INFO:Step: {}, Action: 1, Reward: 0, Total Reward: 651.1637084443084
2025-03-26 14:57:07,255:INFO:Step: {}, Action: 1, Reward: 0, Total Reward: 651.1637084443084
2025-03-26 14:57:07,255:INFO:Step: {}, Action: 0, Reward: -1.8405745131202094, Total Reward: 649.3231339311882
2025-03-26 14:57:07,255:INFO:Step: {}, Action: 1, Reward: 0, Total Reward: 649.3231339311882
2025-03-26 14:57:07,256:INFO:Step: {}, Action: 2, Reward: 0.12718560513309535, Total Reward: 649.4503195363213
2025-03-26 14:57:07,256:INFO:Step: {}, Action: 0, Reward: -19.300170108582403, Total Reward: 630.1501494277389
2025-03-26 14:57:07,256:INFO:Step: {}, Action: 1, Reward: 0, Total Reward: 630.1501494277389
2025-03-26 14:57:07,256:INFO:Step: {}, Action: 1, Reward: 0, Total Reward: 630.1501494277389
2025-03-26 14:57:07,257:INFO:Step: {}, Action: 1, Reward: 0, Total Reward: 630.1501494277389
2025-03-26 14:57:07,257:INFO:Step: {}, Action: 0, Reward: 64.72450757238632, Total Reward: 694.8746570001252
2025-03-26 14:57:07,257:INFO:Step: {}, Action: 1, Reward: 0, Total Reward: 694.8746570001252
2025-03-26 14:57:07,257:INFO:Step: {}, Action: 1, Reward: 0, Total Reward: 694.8746570001252
2025-03-26 14:57:07,258:INFO:Step: {}, Action: 2, Reward: 253.5573887617673, Total Reward: 948.4320457618926
2025-03-26 14:57:07,258:INFO:Step: {}, Action: 1, Reward: 21.732791036758275, Total Reward: 970.1648367986509
2025-03-26 14:57:07,258:INFO:Step: {}, Action: 2, Reward: -29.132455770657295, Total Reward: 941.0323810279936
2025-03-26 14:57:07,258:INFO:Step: {}, Action: 1, Reward: -34.67851413056965, Total Reward: 906.3538668974239
2025-03-26 14:57:07,259:INFO:Step: {}, Action: 0, Reward: 12.790397363209943, Total Reward: 919.1442642606339
2025-03-26 14:57:07,259:INFO:Step: {}, Action: 0, Reward: 0, Total Reward: 919.1442642606339
2025-03-26 14:57:07,259:INFO:Step: {}, Action: 2, Reward: 0, Total Reward: 919.1442642606339
2025-03-26 14:57:07,260:INFO:Step: {}, Action: 2, Reward: 0, Total Reward: 919.1442642606339
2025-03-26 14:57:07,260:INFO:Step: {}, Action: 2, Reward: 0, Total Reward: 919.1442642606339
2025-03-26 14:57:07,260:INFO:Step: {}, Action: 0, Reward: 2.0080197218432105, Total Reward: 921.1522839824771
2025-03-26 14:57:07,260:INFO:Step: {}, Action: 1, Reward: 0, Total Reward: 921.1522839824771
2025-03-26 14:57:07,261:INFO:Step: {}, Action: 1, Reward: 0, Total Reward: 921.1522839824771
2025-03-26 14:57:07,261:INFO:Step: {}, Action: 1, Reward: 0, Total Reward: 921.1522839824771
2025-03-26 14:57:07,261:INFO:Step: {}, Action: 2, Reward: 21.844276644595734, Total Reward: 942.9965606270729
2025-03-26 14:57:07,261:INFO:Step: {}, Action: 1, Reward: -7.6983960129103695, Total Reward: 935.2981646141625
2025-03-26 14:57:07,262:INFO:Step: {}, Action: 2, Reward: 18.93769713895608, Total Reward: 954.2358617531186
2025-03-26 14:57:07,262:INFO:Step: {}, Action: 2, Reward: 0, Total Reward: 954.2358617531186
2025-03-26 14:57:07,262:INFO:Step: {}, Action: 0, Reward: -20.19697446239102, Total Reward: 934.0388872907275
2025-03-26 14:57:07,263:INFO:Step: {}, Action: 0, Reward: 0, Total Reward: 934.0388872907275
2025-03-26 14:57:07,263:INFO:Step: {}, Action: 1, Reward: 0, Total Reward: 934.0388872907275
2025-03-26 14:57:07,263:INFO:Step: {}, Action: 1, Reward: 0, Total Reward: 934.0388872907275
2025-03-26 14:57:07,263:INFO:Step: {}, Action: 1, Reward: 0, Total Reward: 934.0388872907275
2025-03-26 14:57:07,264:INFO:Step: {}, Action: 2, Reward: 26.831289411344418, Total Reward: 960.870176702072
2025-03-26 14:57:07,264:INFO:Step: {}, Action: 2, Reward: 0, Total Reward: 960.870176702072
2025-03-26 14:57:07,264:INFO:Step: {}, Action: 0, Reward: -1.9662541629283443, Total Reward: 958.9039225391437
2025-03-26 14:57:07,264:INFO:Step: {}, Action: 1, Reward: 0, Total Reward: 958.9039225391437
2025-03-26 14:57:07,265:INFO:Step: {}, Action: 0, Reward: 15.69704397936999, Total Reward: 974.6009665185136
2025-03-26 14:57:07,265:INFO:Step: {}, Action: 1, Reward: 0, Total Reward: 974.6009665185136
2025-03-26 14:57:07,265:INFO:Step: {}, Action: 2, Reward: 1.782438067961235, Total Reward: 976.3834045864749
2025-03-26 14:57:07,265:INFO:Step: {}, Action: 0, Reward: -17.667573089981715, Total Reward: 958.7158314964931
2025-03-26 14:57:07,266:INFO:Step: {}, Action: 0, Reward: 0, Total Reward: 958.7158314964931
2025-03-26 14:57:07,266:INFO:Step: {}, Action: 1, Reward: 0, Total Reward: 958.7158314964931
2025-03-26 14:57:07,266:INFO:Step: {}, Action: 1, Reward: 0, Total Reward: 958.7158314964931
2025-03-26 14:57:07,266:INFO:Step: {}, Action: 0, Reward: -11.003790194400016, Total Reward: 947.7120413020931
2025-03-26 14:57:07,267:INFO:Step: {}, Action: 0, Reward: 0, Total Reward: 947.7120413020931
2025-03-26 14:57:07,267:INFO:Step: {}, Action: 1, Reward: 0, Total Reward: 947.7120413020931
2025-03-26 14:57:07,267:INFO:Step: {}, Action: 2, Reward: 72.37999038584395, Total Reward: 1020.092031687937
2025-03-26 14:57:07,268:INFO:Step: {}, Action: 2, Reward: 0, Total Reward: 1020.092031687937
2025-03-26 14:57:07,268:INFO:Step: {}, Action: 2, Reward: 0, Total Reward: 1020.092031687937
2025-03-26 14:57:07,268:INFO:Step: {}, Action: 0, Reward: -6.554683275891974, Total Reward: 1013.537348412045
2025-03-26 14:57:07,268:INFO:Step: {}, Action: 2, Reward: 0, Total Reward: 1013.537348412045
2025-03-26 14:57:07,269:INFO:Step: {}, Action: 1, Reward: 22.69657012816993, Total Reward: 1036.233918540215
2025-03-26 14:57:07,269:INFO:Step: {}, Action: 0, Reward: 24.626214650930688, Total Reward: 1060.8601331911457
2025-03-26 14:57:07,269:INFO:Step: {}, Action: 0, Reward: 0, Total Reward: 1060.8601331911457
2025-03-26 14:57:07,269:INFO:Step: {}, Action: 1, Reward: 0, Total Reward: 1060.8601331911457
2025-03-26 14:57:07,270:INFO:Step: {}, Action: 1, Reward: 0, Total Reward: 1060.8601331911457
2025-03-26 14:57:07,270:INFO:Step: {}, Action: 1, Reward: 0, Total Reward: 1060.8601331911457
2025-03-26 14:57:07,270:INFO:Step: {}, Action: 1, Reward: 0, Total Reward: 1060.8601331911457
2025-03-26 14:57:07,270:INFO:Step: {}, Action: 2, Reward: 35.714177528845376, Total Reward: 1096.574310719991
2025-03-26 14:57:07,271:INFO:Step: {}, Action: 1, Reward: 2.143072743736904, Total Reward: 1098.7173834637279
2025-03-26 14:57:07,271:INFO:Step: {}, Action: 0, Reward: -6.913645846227123, Total Reward: 1091.8037376175007
2025-03-26 14:57:07,271:INFO:Step: {}, Action: 2, Reward: 0, Total Reward: 1091.8037376175007
2025-03-26 14:57:07,271:INFO:Step: {}, Action: 1, Reward: -24.20043512503187, Total Reward: 1067.6033024924689
2025-03-26 14:57:07,272:INFO:Step: {}, Action: 0, Reward: 32.2094153840591, Total Reward: 1099.812717876528
2025-03-26 14:57:07,272:INFO:Step: {}, Action: 1, Reward: 0, Total Reward: 1099.812717876528
2025-03-26 14:57:07,272:INFO:Step: {}, Action: 2, Reward: -12.498870583983647, Total Reward: 1087.3138472925443
2025-03-26 14:57:07,273:INFO:Step: {}, Action: 1, Reward: -4.372540445998577, Total Reward: 1082.9413068465458
2025-03-26 14:57:07,273:INFO:Step: {}, Action: 2, Reward: -4.159633469978627, Total Reward: 1078.7816733765671
2025-03-26 14:57:07,273:INFO:Step: {}, Action: 1, Reward: -7.779942223375959, Total Reward: 1071.0017311531913
2025-03-26 14:57:07,273:INFO:Step: {}, Action: 1, Reward: 0, Total Reward: 1071.0017311531913
2025-03-26 14:57:07,274:INFO:Step: {}, Action: 0, Reward: -22.327347233940905, Total Reward: 1048.6743839192504
2025-03-26 14:57:07,274:INFO:Step: {}, Action: 2, Reward: 0, Total Reward: 1048.6743839192504
2025-03-26 14:57:07,274:INFO:Step: {}, Action: 1, Reward: 22.246404552975847, Total Reward: 1070.9207884722264
2025-03-26 14:57:07,274:INFO:Step: {}, Action: 0, Reward: -4.2598058616146455, Total Reward: 1066.6609826106117
2025-03-26 14:57:07,275:INFO:Step: {}, Action: 2, Reward: 0, Total Reward: 1066.6609826106117
2025-03-26 14:57:07,275:INFO:Step: {}, Action: 1, Reward: 27.14417851075797, Total Reward: 1093.8051611213696
2025-03-26 14:57:07,275:INFO:Step: {}, Action: 1, Reward: 0, Total Reward: 1093.8051611213696
2025-03-26 14:57:07,275:INFO:Step: {}, Action: 2, Reward: 16.306588104070144, Total Reward: 1110.1117492254398
2025-03-26 14:57:07,276:INFO:Step: {}, Action: 1, Reward: 13.344791899922699, Total Reward: 1123.4565411253625
2025-03-26 14:57:07,276:INFO:Step: {}, Action: 2, Reward: -24.149685629875915, Total Reward: 1099.3068554954866
2025-03-26 14:57:07,276:INFO:Step: {}, Action: 2, Reward: 0, Total Reward: 1099.3068554954866
2025-03-26 14:57:07,276:INFO:Step: {}, Action: 0, Reward: 25.14974425018589, Total Reward: 1124.4565997456725
2025-03-26 14:57:07,277:INFO:Step: {}, Action: 0, Reward: 0, Total Reward: 1124.4565997456725
2025-03-26 14:57:07,277:INFO:Step: {}, Action: 1, Reward: 0, Total Reward: 1124.4565997456725
2025-03-26 14:57:07,277:INFO:Step: {}, Action: 2, Reward: -8.65456444765631, Total Reward: 1115.802035298016
2025-03-26 14:57:07,278:INFO:Step: {}, Action: 0, Reward: -5.987459767005145, Total Reward: 1109.8145755310109
2025-03-26 14:57:07,278:INFO:Step: {}, Action: 2, Reward: 0, Total Reward: 1109.8145755310109
2025-03-26 14:57:07,278:INFO:Step: {}, Action: 0, Reward: -43.7954872400012, Total Reward: 1066.0190882910097
2025-03-26 14:57:07,278:INFO:Step: {}, Action: 1, Reward: 0, Total Reward: 1066.0190882910097
2025-03-26 14:57:07,279:INFO:Step: {}, Action: 0, Reward: 34.4805683849486, Total Reward: 1100.4996566759582
2025-03-26 14:57:07,279:INFO:Step: {}, Action: 0, Reward: 0, Total Reward: 1100.4996566759582
2025-03-26 14:57:07,279:INFO:Step: {}, Action: 2, Reward: 0, Total Reward: 1100.4996566759582
2025-03-26 14:57:07,279:INFO:Step: {}, Action: 1, Reward: 2.9860650298613636, Total Reward: 1103.4857217058195
2025-03-26 14:57:07,280:INFO:Step: {}, Action: 1, Reward: 0, Total Reward: 1103.4857217058195
2025-03-26 14:57:07,280:INFO:Step: {}, Action: 1, Reward: 0, Total Reward: 1103.4857217058195
2025-03-26 14:57:07,280:INFO:Step: {}, Action: 1, Reward: 0, Total Reward: 1103.4857217058195
2025-03-26 14:57:07,280:INFO:Step: {}, Action: 0, Reward: 20.486300729239787, Total Reward: 1123.9720224350592
2025-03-26 14:57:07,281:INFO:Step: {}, Action: 1, Reward: 0, Total Reward: 1123.9720224350592
2025-03-26 14:57:07,281:INFO:Step: {}, Action: 1, Reward: 0, Total Reward: 1123.9720224350592
2025-03-26 14:57:07,281:INFO:Step: {}, Action: 2, Reward: -5.173679207824889, Total Reward: 1118.7983432272342
2025-03-26 14:57:07,281:INFO:Step: {}, Action: 2, Reward: 0, Total Reward: 1118.7983432272342
2025-03-26 14:57:07,282:INFO:Step: {}, Action: 2, Reward: 0, Total Reward: 1118.7983432272342
2025-03-26 14:57:07,282:INFO:Step: {}, Action: 2, Reward: 0, Total Reward: 1118.7983432272342
2025-03-26 14:57:07,282:INFO:Step: {}, Action: 1, Reward: 15.167930660888297, Total Reward: 1133.9662738881225
2025-03-26 14:57:07,282:INFO:Step: {}, Action: 1, Reward: 0, Total Reward: 1133.9662738881225
2025-03-26 14:57:07,283:INFO:Step: {}, Action: 0, Reward: 17.029562114196434, Total Reward: 1150.9958360023188
2025-03-26 14:57:07,283:INFO:Step: {}, Action: 1, Reward: 0, Total Reward: 1150.9958360023188
2025-03-26 14:57:07,283:INFO:Step: {}, Action: 1, Reward: 0, Total Reward: 1150.9958360023188
2025-03-26 14:57:07,283:INFO:Step: {}, Action: 0, Reward: -4.749708403977512, Total Reward: 1146.2461275983412
2025-03-26 14:57:07,284:INFO:Step: {}, Action: 1, Reward: 0, Total Reward: 1146.2461275983412
2025-03-26 14:57:07,284:INFO:Step: {}, Action: 2, Reward: 64.46234730820066, Total Reward: 1210.7084749065418
2025-03-26 14:57:07,284:INFO:Step: {}, Action: 0, Reward: 27.988003432717043, Total Reward: 1238.6964783392589
2025-03-26 14:57:07,284:INFO:Step: {}, Action: 1, Reward: 0, Total Reward: 1238.6964783392589
2025-03-26 14:57:07,285:INFO:Step: {}, Action: 2, Reward: -12.035830667898335, Total Reward: 1226.6606476713605
2025-03-26 14:57:07,285:INFO:Step: {}, Action: 1, Reward: 7.501333068225323, Total Reward: 1234.1619807395857
2025-03-26 14:57:07,285:INFO:Step: {}, Action: 0, Reward: -11.215223761803886, Total Reward: 1222.946756977782
2025-03-26 14:57:07,285:INFO:Step: {}, Action: 2, Reward: 0, Total Reward: 1222.946756977782
2025-03-26 14:57:07,286:INFO:Step: {}, Action: 1, Reward: -1.782041252745236, Total Reward: 1221.1647157250366
2025-03-26 14:57:07,286:INFO:Step: {}, Action: 0, Reward: 0.030198707494605095, Total Reward: 1221.194914432531
2025-03-26 14:57:07,286:INFO:Step: {}, Action: 1, Reward: 0, Total Reward: 1221.194914432531
2025-03-26 14:57:07,287:INFO:Step: {}, Action: 2, Reward: -5.409489271683178, Total Reward: 1215.7854251608478
2025-03-26 14:57:07,287:INFO:Step: {}, Action: 1, Reward: 4.3843602311308265, Total Reward: 1220.1697853919786
2025-03-26 14:57:07,287:INFO:Step: {}, Action: 1, Reward: 0, Total Reward: 1220.1697853919786
2025-03-26 14:57:07,287:INFO:Step: {}, Action: 1, Reward: 0, Total Reward: 1220.1697853919786
2025-03-26 14:57:07,288:INFO:Step: {}, Action: 1, Reward: 0, Total Reward: 1220.1697853919786
2025-03-26 14:57:07,288:INFO:Step: {}, Action: 0, Reward: -23.47417840375653, Total Reward: 1196.6956069882222
2025-03-26 14:57:07,288:INFO:Step: {}, Action: 0, Reward: 0, Total Reward: 1196.6956069882222
2025-03-26 14:57:07,288:INFO:Step: {}, Action: 1, Reward: 0, Total Reward: 1196.6956069882222
2025-03-26 14:57:07,289:INFO:Step: {}, Action: 0, Reward: -20.938636974091253, Total Reward: 1175.756970014131
2025-03-26 14:57:07,289:INFO:Step: {}, Action: 0, Reward: 0, Total Reward: 1175.756970014131
2025-03-26 14:57:07,289:INFO:Step: {}, Action: 2, Reward: 0, Total Reward: 1175.756970014131
2025-03-26 14:57:07,289:INFO:Step: {}, Action: 2, Reward: 0, Total Reward: 1175.756970014131
2025-03-26 14:57:07,290:INFO:Step: {}, Action: 2, Reward: 0, Total Reward: 1175.756970014131
2025-03-26 14:57:07,290:INFO:Step: {}, Action: 0, Reward: -41.94947065222404, Total Reward: 1133.8074993619068
2025-03-26 14:57:07,290:INFO:Step: {}, Action: 0, Reward: 0, Total Reward: 1133.8074993619068
2025-03-26 14:57:07,290:INFO:Step: {}, Action: 1, Reward: 0, Total Reward: 1133.8074993619068
2025-03-26 14:57:07,290:INFO:Step: {}, Action: 1, Reward: 0, Total Reward: 1133.8074993619068
2025-03-26 14:57:07,291:INFO:Step: {}, Action: 1, Reward: 0, Total Reward: 1133.8074993619068
2025-03-26 14:57:07,291:INFO:Step: {}, Action: 0, Reward: -11.220401617200865, Total Reward: 1122.587097744706
2025-03-26 14:57:07,291:INFO:Step: {}, Action: 1, Reward: 0, Total Reward: 1122.587097744706
2025-03-26 14:57:07,291:INFO:Step: {}, Action: 1, Reward: 0, Total Reward: 1122.587097744706
2025-03-26 14:57:07,292:INFO:Step: {}, Action: 2, Reward: -103.28971939728207, Total Reward: 1019.2973783474239
2025-03-26 14:57:07,292:INFO:Step: {}, Action: 0, Reward: 35.07795100222762, Total Reward: 1054.3753293496516
2025-03-26 14:57:07,292:INFO:Step: {}, Action: 2, Reward: 0, Total Reward: 1054.3753293496516
2025-03-26 14:57:07,292:INFO:Step: {}, Action: 1, Reward: -4.3081918081921495, Total Reward: 1050.0671375414595
2025-03-26 14:57:07,293:INFO:Step: {}, Action: 1, Reward: 0, Total Reward: 1050.0671375414595
2025-03-26 14:57:07,293:INFO:Step: {}, Action: 1, Reward: 0, Total Reward: 1050.0671375414595
2025-03-26 14:57:07,293:INFO:Step: {}, Action: 1, Reward: 0, Total Reward: 1050.0671375414595
2025-03-26 14:57:07,293:INFO:Step: {}, Action: 0, Reward: -24.24654712942096, Total Reward: 1025.8205904120384
2025-03-26 14:57:07,294:INFO:Step: {}, Action: 1, Reward: 0, Total Reward: 1025.8205904120384
2025-03-26 14:57:07,294:INFO:Step: {}, Action: 1, Reward: 0, Total Reward: 1025.8205904120384
2025-03-26 14:57:07,294:INFO:Step: {}, Action: 1, Reward: 0, Total Reward: 1025.8205904120384
2025-03-26 14:57:07,294:INFO:Step: {}, Action: 0, Reward: -41.9310120891207, Total Reward: 983.8895783229177
2025-03-26 14:57:07,295:INFO:Step: {}, Action: 2, Reward: 0, Total Reward: 983.8895783229177
2025-03-26 14:57:07,295:INFO:Step: {}, Action: 0, Reward: -6.65036858028715, Total Reward: 977.2392097426306
2025-03-26 14:57:07,295:INFO:Step: {}, Action: 0, Reward: 0, Total Reward: 977.2392097426306
2025-03-26 14:57:07,295:INFO:Step: {}, Action: 1, Reward: 0, Total Reward: 977.2392097426306
2025-03-26 14:57:07,296:INFO:Step: {}, Action: 2, Reward: -39.587264372716156, Total Reward: 937.6519453699144
2025-03-26 14:57:07,296:INFO:Step: {}, Action: 1, Reward: -12.776174637090385, Total Reward: 924.875770732824
2025-03-26 14:57:07,296:INFO:Step: {}, Action: 1, Reward: 0, Total Reward: 924.875770732824
2025-03-26 14:57:07,296:INFO:Step: {}, Action: 1, Reward: 0, Total Reward: 924.875770732824
2025-03-26 14:57:07,297:INFO:Step: {}, Action: 1, Reward: 0, Total Reward: 924.875770732824
2025-03-26 14:57:07,297:INFO:Step: {}, Action: 1, Reward: 0, Total Reward: 924.875770732824
2025-03-26 14:57:07,297:INFO:Step: {}, Action: 2, Reward: -7.10278611499525, Total Reward: 917.7729846178287
2025-03-26 14:57:07,297:INFO:Step: {}, Action: 1, Reward: -3.616818520625729, Total Reward: 914.1561660972029
2025-03-26 14:57:07,298:INFO:Step: {}, Action: 2, Reward: -28.106667002017144, Total Reward: 886.0494990951858
2025-03-26 14:57:07,298:INFO:Step: {}, Action: 0, Reward: -0.9458351724564195, Total Reward: 885.1036639227293
2025-03-26 14:57:07,298:INFO:Step: {}, Action: 2, Reward: 0, Total Reward: 885.1036639227293
2025-03-26 14:57:07,298:INFO:Step: {}, Action: 1, Reward: 29.976604393839626, Total Reward: 915.0802683165689
2025-03-26 14:57:07,299:INFO:Step: {}, Action: 0, Reward: 24.476595637165264, Total Reward: 939.5568639537341
2025-03-26 14:57:07,299:INFO:Step: {}, Action: 1, Reward: 0, Total Reward: 939.5568639537341
2025-03-26 14:57:07,299:INFO:Step: {}, Action: 1, Reward: 0, Total Reward: 939.5568639537341
2025-03-26 14:57:07,299:INFO:Step: {}, Action: 1, Reward: 0, Total Reward: 939.5568639537341
2025-03-26 14:57:07,300:INFO:Step: {}, Action: 2, Reward: 14.194531171315601, Total Reward: 953.7513951250497
2025-03-26 14:57:07,300:INFO:Step: {}, Action: 0, Reward: 18.574450230844445, Total Reward: 972.3258453558942
2025-03-26 14:57:07,300:INFO:Step: {}, Action: 1, Reward: 0, Total Reward: 972.3258453558942
2025-03-26 14:57:07,300:INFO:Step: {}, Action: 2, Reward: -7.565250283697172, Total Reward: 964.760595072197
2025-03-26 14:57:07,301:INFO:Step: {}, Action: 2, Reward: 0, Total Reward: 964.760595072197
2025-03-26 14:57:07,301:INFO:Step: {}, Action: 2, Reward: 0, Total Reward: 964.760595072197
2025-03-26 14:57:07,301:INFO:Step: {}, Action: 1, Reward: 6.9400630914820765, Total Reward: 971.7006581636791
2025-03-26 14:57:07,301:INFO:Step: {}, Action: 1, Reward: 0, Total Reward: 971.7006581636791
2025-03-26 14:57:07,302:INFO:Step: {}, Action: 0, Reward: -6.913315234547808, Total Reward: 964.7873429291313
2025-03-26 14:57:07,302:INFO:Step: {}, Action: 0, Reward: 0, Total Reward: 964.7873429291313
2025-03-26 14:57:07,302:INFO:Step: {}, Action: 2, Reward: 0, Total Reward: 964.7873429291313
2025-03-26 14:57:07,302:INFO:Step: {}, Action: 1, Reward: 19.606414686756814, Total Reward: 984.3937576158881
2025-03-26 14:57:07,303:INFO:Step: {}, Action: 1, Reward: 0, Total Reward: 984.3937576158881
2025-03-26 14:57:07,303:INFO:Step: {}, Action: 1, Reward: 0, Total Reward: 984.3937576158881
2025-03-26 14:57:07,303:INFO:Step: {}, Action: 1, Reward: 0, Total Reward: 984.3937576158881
2025-03-26 14:57:07,303:INFO:Step: {}, Action: 1, Reward: 0, Total Reward: 984.3937576158881
2025-03-26 14:57:07,304:INFO:Step: {}, Action: 1, Reward: 0, Total Reward: 984.3937576158881
2025-03-26 14:57:07,304:INFO:Step: {}, Action: 1, Reward: 0, Total Reward: 984.3937576158881
2025-03-26 14:57:07,304:INFO:Step: {}, Action: 0, Reward: 69.88390765930161, Total Reward: 1054.2776652751897
2025-03-26 14:57:07,304:INFO:Step: {}, Action: 2, Reward: 0, Total Reward: 1054.2776652751897
2025-03-26 14:57:07,305:INFO:Step: {}, Action: 1, Reward: -17.049089402146908, Total Reward: 1037.228575873043
2025-03-26 14:57:07,305:INFO:Step: {}, Action: 1, Reward: 0, Total Reward: 1037.228575873043
2025-03-26 14:57:07,305:INFO:Step: {}, Action: 0, Reward: 9.249355061977143, Total Reward: 1046.4779309350201
2025-03-26 14:57:07,305:INFO:Step: {}, Action: 0, Reward: 0, Total Reward: 1046.4779309350201
2025-03-26 14:57:07,306:INFO:Step: {}, Action: 0, Reward: 0, Total Reward: 1046.4779309350201
2025-03-26 14:57:07,306:INFO:Step: {}, Action: 0, Reward: 0, Total Reward: 1046.4779309350201
2025-03-26 14:57:07,306:INFO:Step: {}, Action: 1, Reward: 0, Total Reward: 1046.4779309350201
2025-03-26 14:57:07,306:INFO:Step: {}, Action: 0, Reward: 36.91518041978324, Total Reward: 1083.3931113548033
2025-03-26 14:57:07,307:INFO:Step: {}, Action: 1, Reward: 0, Total Reward: 1083.3931113548033
2025-03-26 14:57:07,307:INFO:Step: {}, Action: 2, Reward: 0.1260310918702498, Total Reward: 1083.5191424466736
2025-03-26 14:57:07,307:INFO:Step: {}, Action: 0, Reward: 12.130339712526416, Total Reward: 1095.6494821592
2025-03-26 14:57:07,307:INFO:Step: {}, Action: 1, Reward: 0, Total Reward: 1095.6494821592
2025-03-26 14:57:07,308:INFO:Step: {}, Action: 2, Reward: -30.560806553244543, Total Reward: 1065.0886756059556
2025-03-26 14:57:07,308:INFO:Step: {}, Action: 0, Reward: -36.627374142779416, Total Reward: 1028.4613014631761
2025-03-26 14:57:07,308:INFO:Step: {}, Action: 0, Reward: 0, Total Reward: 1028.4613014631761
2025-03-26 14:57:07,308:INFO:Step: {}, Action: 2, Reward: 0, Total Reward: 1028.4613014631761
2025-03-26 14:57:07,309:INFO:Step: {}, Action: 2, Reward: 0, Total Reward: 1028.4613014631761
2025-03-26 14:57:07,309:INFO:Step: {}, Action: 0, Reward: -63.99747295269752, Total Reward: 964.4638285104786
2025-03-26 14:57:07,309:INFO:Step: {}, Action: 2, Reward: 0, Total Reward: 964.4638285104786
2025-03-26 14:57:07,309:INFO:Step: {}, Action: 2, Reward: 0, Total Reward: 964.4638285104786
2025-03-26 14:57:07,310:INFO:Step: {}, Action: 0, Reward: 36.692130775642305, Total Reward: 1001.155959286121
2025-03-26 14:57:07,310:INFO:Step: {}, Action: 2, Reward: 0, Total Reward: 1001.155959286121
2025-03-26 14:57:07,310:INFO:Step: {}, Action: 1, Reward: 29.337698312768076, Total Reward: 1030.493657598889
2025-03-26 14:57:07,310:INFO:Step: {}, Action: 2, Reward: 4.451488249333396, Total Reward: 1034.9451458482224
2025-03-26 14:57:07,311:INFO:Step: {}, Action: 1, Reward: -14.705464689529487, Total Reward: 1020.239681158693
2025-03-26 14:57:07,311:INFO:Step: {}, Action: 0, Reward: 7.7200611302793964, Total Reward: 1027.9597422889724
2025-03-26 14:57:07,311:INFO:Step: {}, Action: 1, Reward: 0, Total Reward: 1027.9597422889724
2025-03-26 14:57:07,311:INFO:Step: {}, Action: 2, Reward: 46.657764511821256, Total Reward: 1074.6175068007938
2025-03-26 14:57:07,312:INFO:Step: {}, Action: 1, Reward: -48.19239429572276, Total Reward: 1026.425112505071
2025-03-26 14:57:07,312:INFO:Step: {}, Action: 0, Reward: 7.469631280324792, Total Reward: 1033.8947437853958
2025-03-26 14:57:07,312:INFO:Step: {}, Action: 2, Reward: 0, Total Reward: 1033.8947437853958
2025-03-26 14:57:07,312:INFO:Step: {}, Action: 2, Reward: 0, Total Reward: 1033.8947437853958
2025-03-26 14:57:07,313:INFO:Step: {}, Action: 1, Reward: 25.742138734948732, Total Reward: 1059.6368825203444
2025-03-26 14:57:07,313:INFO:Step: {}, Action: 1, Reward: 0, Total Reward: 1059.6368825203444
2025-03-26 14:57:07,313:INFO:Step: {}, Action: 1, Reward: 0, Total Reward: 1059.6368825203444
2025-03-26 14:57:07,313:INFO:Step: {}, Action: 1, Reward: 0, Total Reward: 1059.6368825203444
2025-03-26 14:57:07,314:INFO:Step: {}, Action: 0, Reward: 20.870472629244126, Total Reward: 1080.5073551495886
2025-03-26 14:57:07,314:INFO:Step: {}, Action: 1, Reward: 0, Total Reward: 1080.5073551495886
2025-03-26 14:57:07,314:INFO:Step: {}, Action: 1, Reward: 0, Total Reward: 1080.5073551495886
2025-03-26 14:57:07,314:INFO:Step: {}, Action: 2, Reward: -58.963681700916084, Total Reward: 1021.5436734486725
2025-03-26 14:57:07,315:INFO:Step: {}, Action: 1, Reward: 49.51569495603366, Total Reward: 1071.0593684047062
2025-03-26 14:57:07,315:INFO:Step: {}, Action: 2, Reward: -111.76996637864652, Total Reward: 959.2894020260597
2025-03-26 14:57:07,315:INFO:Step: {}, Action: 1, Reward: -4.096552593432051, Total Reward: 955.1928494326277
2025-03-26 14:57:07,315:INFO:Step: {}, Action: 2, Reward: 30.554068100923786, Total Reward: 985.7469175335515
2025-03-26 14:57:07,315:INFO:Step: {}, Action: 0, Reward: -21.32269815349819, Total Reward: 964.4242193800533
2025-03-26 14:57:07,316:INFO:Step: {}, Action: 1, Reward: 0, Total Reward: 964.4242193800533
2025-03-26 14:57:07,316:INFO:Step: {}, Action: 0, Reward: -25.70726284971752, Total Reward: 938.7169565303358
2025-03-26 14:57:07,316:INFO:Step: {}, Action: 1, Reward: 0, Total Reward: 938.7169565303358
2025-03-26 14:57:07,316:INFO:Step: {}, Action: 0, Reward: -38.349978833822036, Total Reward: 900.3669776965137
2025-03-26 14:57:07,317:INFO:Step: {}, Action: 0, Reward: 0, Total Reward: 900.3669776965137
2025-03-26 14:57:07,317:INFO:Step: {}, Action: 1, Reward: 0, Total Reward: 900.3669776965137
2025-03-26 14:57:07,317:INFO:Step: {}, Action: 0, Reward: -21.621145983589642, Total Reward: 878.7458317129241
2025-03-26 14:57:07,317:INFO:Step: {}, Action: 0, Reward: 0, Total Reward: 878.7458317129241
2025-03-26 14:57:07,318:INFO:Step: {}, Action: 1, Reward: 0, Total Reward: 878.7458317129241
2025-03-26 14:57:07,318:INFO:Step: {}, Action: 1, Reward: 0, Total Reward: 878.7458317129241
2025-03-26 14:57:07,318:INFO:Step: {}, Action: 1, Reward: 0, Total Reward: 878.7458317129241
2025-03-26 14:57:07,318:INFO:Step: {}, Action: 0, Reward: -30.81484285060946, Total Reward: 847.9309888623146
2025-03-26 14:57:07,319:INFO:Step: {}, Action: 0, Reward: 0, Total Reward: 847.9309888623146
2025-03-26 14:57:07,319:INFO:Step: {}, Action: 1, Reward: 0, Total Reward: 847.9309888623146
2025-03-26 14:57:07,319:INFO:Step: {}, Action: 0, Reward: 15.981352982606683, Total Reward: 863.9123418449213
2025-03-26 14:57:07,320:INFO:Step: {}, Action: 1, Reward: 0, Total Reward: 863.9123418449213
2025-03-26 14:57:07,320:INFO:Step: {}, Action: 1, Reward: 0, Total Reward: 863.9123418449213
2025-03-26 14:57:07,320:INFO:Step: {}, Action: 2, Reward: 4.09805058885892, Total Reward: 868.0103924337802
2025-03-26 14:57:07,320:INFO:Step: {}, Action: 1, Reward: 11.154735720992846, Total Reward: 879.1651281547731
2025-03-26 14:57:07,320:INFO:Step: {}, Action: 1, Reward: 0, Total Reward: 879.1651281547731
2025-03-26 14:57:07,321:INFO:Step: {}, Action: 0, Reward: -39.90536277602552, Total Reward: 839.2597653787476
2025-03-26 14:57:07,321:INFO:Step: {}, Action: 2, Reward: 0, Total Reward: 839.2597653787476
2025-03-26 14:57:07,321:INFO:Step: {}, Action: 2, Reward: 0, Total Reward: 839.2597653787476
2025-03-26 14:57:07,321:INFO:Step: {}, Action: 2, Reward: 0, Total Reward: 839.2597653787476
2025-03-26 14:57:07,322:INFO:Step: {}, Action: 1, Reward: 238.20889822417385, Total Reward: 1077.4686636029214
2025-03-26 14:57:07,322:INFO:Step: {}, Action: 1, Reward: 0, Total Reward: 1077.4686636029214
2025-03-26 14:57:07,322:INFO:Step: {}, Action: 1, Reward: 0, Total Reward: 1077.4686636029214
2025-03-26 14:57:07,322:INFO:Step: {}, Action: 0, Reward: -30.38453388103643, Total Reward: 1047.084129721885
2025-03-26 14:57:07,323:INFO:Step: {}, Action: 1, Reward: 0, Total Reward: 1047.084129721885
2025-03-26 14:57:07,323:INFO:Step: {}, Action: 1, Reward: 0, Total Reward: 1047.084129721885
2025-03-26 14:57:07,323:INFO:Step: {}, Action: 1, Reward: 0, Total Reward: 1047.084129721885
2025-03-26 14:57:07,323:INFO:Step: {}, Action: 2, Reward: -0.7218321412174508, Total Reward: 1046.3622975806675
2025-03-26 14:57:07,324:INFO:Step: {}, Action: 1, Reward: 4.725060539838346, Total Reward: 1051.0873581205058
2025-03-26 14:57:07,324:INFO:Step: {}, Action: 1, Reward: 0, Total Reward: 1051.0873581205058
2025-03-26 14:57:07,324:INFO:Step: {}, Action: 0, Reward: -95.66205098912025, Total Reward: 955.4253071313856
2025-03-26 14:57:07,324:INFO:Step: {}, Action: 1, Reward: 0, Total Reward: 955.4253071313856
2025-03-26 14:57:07,325:INFO:Step: {}, Action: 2, Reward: -17.12800528445537, Total Reward: 938.2973018469302
2025-03-26 14:57:07,325:INFO:Step: {}, Action: 1, Reward: 20.748474621356237, Total Reward: 959.0457764682864
2025-03-26 14:57:07,325:INFO:Step: {}, Action: 1, Reward: 0, Total Reward: 959.0457764682864
2025-03-26 14:57:07,325:INFO:Step: {}, Action: 2, Reward: 28.455189740138024, Total Reward: 987.5009662084244
2025-03-26 14:57:07,325:INFO:Step: {}, Action: 2, Reward: 0, Total Reward: 987.5009662084244
2025-03-26 14:57:07,326:INFO:Step: {}, Action: 0, Reward: -19.43683030151976, Total Reward: 968.0641359069047
2025-03-26 14:57:07,326:INFO:Step: {}, Action: 2, Reward: 0, Total Reward: 968.0641359069047
2025-03-26 14:57:07,326:INFO:Step: {}, Action: 1, Reward: -14.508583968844361, Total Reward: 953.5555519380603
2025-03-26 14:57:07,326:INFO:Step: {}, Action: 1, Reward: 0, Total Reward: 953.5555519380603
2025-03-26 14:57:07,327:INFO:Step: {}, Action: 0, Reward: -100.61729622925462, Total Reward: 852.9382557088056
2025-03-26 14:57:07,327:INFO:Step: {}, Action: 1, Reward: 0, Total Reward: 852.9382557088056
2025-03-26 14:57:07,327:INFO:Step: {}, Action: 2, Reward: 51.993067590987565, Total Reward: 904.9313232997932
2025-03-26 14:57:07,328:INFO:Step: {}, Action: 2, Reward: 0, Total Reward: 904.9313232997932
2025-03-26 14:57:07,328:INFO:Step: {}, Action: 1, Reward: 82.22811671087592, Total Reward: 987.1594400106692
2025-03-26 14:57:07,328:INFO:Step: {}, Action: 1, Reward: 0, Total Reward: 987.1594400106692
2025-03-26 14:57:07,328:INFO:Step: {}, Action: 2, Reward: 2.6745119015785703, Total Reward: 989.8339519122478
2025-03-26 14:57:07,329:INFO:Step: {}, Action: 2, Reward: 0, Total Reward: 989.8339519122478
2025-03-26 14:57:07,329:INFO:Step: {}, Action: 1, Reward: -4.645721925133264, Total Reward: 985.1882299871146
2025-03-26 14:57:07,329:INFO:Step: {}, Action: 0, Reward: -85.48835935177071, Total Reward: 899.6998706353439
2025-03-26 14:57:07,329:INFO:Step: {}, Action: 2, Reward: 0, Total Reward: 899.6998706353439
2025-03-26 14:57:07,330:INFO:Step: {}, Action: 1, Reward: -22.61555238654402, Total Reward: 877.0843182488
2025-03-26 14:57:07,330:INFO:Step: {}, Action: 0, Reward: -3.1804592583162923, Total Reward: 873.9038589904836
2025-03-26 14:57:07,330:INFO:Step: {}, Action: 0, Reward: 0, Total Reward: 873.9038589904836
2025-03-26 14:57:07,330:INFO:Step: {}, Action: 2, Reward: 0, Total Reward: 873.9038589904836
2025-03-26 14:57:07,331:INFO:Step: {}, Action: 0, Reward: -12.140969399392098, Total Reward: 861.7628895910915
2025-03-26 14:57:07,331:INFO:Step: {}, Action: 1, Reward: 0, Total Reward: 861.7628895910915
2025-03-26 14:57:07,331:INFO:Step: {}, Action: 0, Reward: -37.739516893964755, Total Reward: 824.0233726971268
2025-03-26 14:57:07,331:INFO:Step: {}, Action: 1, Reward: 0, Total Reward: 824.0233726971268
2025-03-26 14:57:07,331:INFO:Step: {}, Action: 0, Reward: 4.874047879956631, Total Reward: 828.8974205770834
2025-03-26 14:57:07,332:INFO:Step: {}, Action: 1, Reward: 0, Total Reward: 828.8974205770834
2025-03-26 14:57:07,332:INFO:Step: {}, Action: 0, Reward: -40.08965998279986, Total Reward: 788.8077605942835
2025-03-26 14:57:07,332:INFO:Step: {}, Action: 1, Reward: 0, Total Reward: 788.8077605942835
2025-03-26 14:57:07,332:INFO:Step: {}, Action: 0, Reward: -102.55769081306084, Total Reward: 686.2500697812227
2025-03-26 14:57:07,333:INFO:Step: {}, Action: 1, Reward: 0, Total Reward: 686.2500697812227
2025-03-26 14:57:07,333:INFO:Step: {}, Action: 1, Reward: 0, Total Reward: 686.2500697812227
2025-03-26 14:57:07,333:INFO:Step: {}, Action: 0, Reward: -3.333108881556063, Total Reward: 682.9169608996666
2025-03-26 14:57:07,333:INFO:Step: {}, Action: 2, Reward: 0, Total Reward: 682.9169608996666
2025-03-26 14:57:07,334:INFO:Step: {}, Action: 1, Reward: -49.74705174569605, Total Reward: 633.1699091539706
2025-03-26 14:57:07,334:INFO:Step: {}, Action: 1, Reward: 0, Total Reward: 633.1699091539706
2025-03-26 14:57:07,334:INFO:Step: {}, Action: 1, Reward: 0, Total Reward: 633.1699091539706
2025-03-26 14:57:07,334:INFO:Step: {}, Action: 2, Reward: 20.457647638818248, Total Reward: 653.6275567927888
2025-03-26 14:57:07,335:INFO:Step: {}, Action: 2, Reward: 0, Total Reward: 653.6275567927888
2025-03-26 14:57:07,335:INFO:Step: {}, Action: 0, Reward: -111.11594547286286, Total Reward: 542.5116113199259
2025-03-26 14:57:07,335:INFO:Step: {}, Action: 1, Reward: 0, Total Reward: 542.5116113199259
2025-03-26 14:57:07,335:INFO:Step: {}, Action: 0, Reward: -28.15865580515535, Total Reward: 514.3529555147705
2025-03-26 14:57:07,336:INFO:Step: {}, Action: 2, Reward: 0, Total Reward: 514.3529555147705
2025-03-26 14:57:07,336:INFO:Step: {}, Action: 1, Reward: -21.10364753580013, Total Reward: 493.2493079789704
2025-03-26 14:57:07,336:INFO:Step: {}, Action: 2, Reward: 12.688669217687618, Total Reward: 505.93797719665804
2025-03-26 14:57:07,337:INFO:Step: {}, Action: 0, Reward: 1.0947524864148754, Total Reward: 507.0327296830729
2025-03-26 14:57:07,337:INFO:Step: {}, Action: 0, Reward: 0, Total Reward: 507.0327296830729
2025-03-26 14:57:07,337:INFO:Step: {}, Action: 1, Reward: 0, Total Reward: 507.0327296830729
2025-03-26 14:57:07,337:INFO:Step: {}, Action: 1, Reward: 0, Total Reward: 507.0327296830729
2025-03-26 14:57:07,337:INFO:Step: {}, Action: 0, Reward: -14.583326396818487, Total Reward: 492.4494032862544
2025-03-26 14:57:07,338:INFO:Step: {}, Action: 1, Reward: 0, Total Reward: 492.4494032862544
2025-03-26 14:57:07,338:INFO:Step: {}, Action: 0, Reward: 92.31120145443806, Total Reward: 584.7606047406924
2025-03-26 14:57:07,338:INFO:Step: {}, Action: 1, Reward: 0, Total Reward: 584.7606047406924
2025-03-26 14:57:07,338:INFO:Step: {}, Action: 1, Reward: 0, Total Reward: 584.7606047406924
2025-03-26 14:57:07,339:INFO:Step: {}, Action: 1, Reward: 0, Total Reward: 584.7606047406924
2025-03-26 14:57:07,339:INFO:Step: {}, Action: 1, Reward: 0, Total Reward: 584.7606047406924
2025-03-26 14:57:07,339:INFO:Step: {}, Action: 0, Reward: -68.7496878797466, Total Reward: 516.0109168609458
2025-03-26 14:57:07,339:INFO:Step: {}, Action: 0, Reward: 0, Total Reward: 516.0109168609458
2025-03-26 14:57:07,339:INFO:Step: {}, Action: 1, Reward: 0, Total Reward: 516.0109168609458
2025-03-26 14:57:07,340:INFO:Step: {}, Action: 0, Reward: -2.3061497326205034, Total Reward: 513.7047671283253
2025-03-26 14:57:07,340:INFO:Step: {}, Action: 1, Reward: 0, Total Reward: 513.7047671283253
2025-03-26 14:57:07,340:INFO:Step: {}, Action: 0, Reward: 15.267735408144995, Total Reward: 528.9725025364703
2025-03-26 14:57:07,340:INFO:Step: {}, Action: 2, Reward: 0, Total Reward: 528.9725025364703
2025-03-26 14:57:07,341:INFO:Step: {}, Action: 1, Reward: 13.989499568020324, Total Reward: 542.9620021044906
2025-03-26 14:57:07,341:INFO:Step: {}, Action: 2, Reward: 12.045827385289751, Total Reward: 555.0078294897803
2025-03-26 14:57:07,341:INFO:Step: {}, Action: 2, Reward: 0, Total Reward: 555.0078294897803
2025-03-26 14:57:07,341:INFO:Step: {}, Action: 1, Reward: 21.071453498227356, Total Reward: 576.0792829880077
2025-03-26 14:57:07,342:INFO:Step: {}, Action: 0, Reward: -45.062898213803116, Total Reward: 531.0163847742045
2025-03-26 14:57:07,342:INFO:Step: {}, Action: 1, Reward: 0, Total Reward: 531.0163847742045
2025-03-26 14:57:07,342:INFO:Step: {}, Action: 1, Reward: 0, Total Reward: 531.0163847742045
2025-03-26 14:57:07,342:INFO:Step: {}, Action: 0, Reward: -26.494447191521232, Total Reward: 504.52193758268334
2025-03-26 14:57:07,342:INFO:Step: {}, Action: 2, Reward: 0, Total Reward: 504.52193758268334
2025-03-26 14:57:07,343:INFO:Step: {}, Action: 0, Reward: 4.071880468434636, Total Reward: 508.593818051118
2025-03-26 14:57:07,343:INFO:Step: {}, Action: 1, Reward: 0, Total Reward: 508.593818051118
2025-03-26 14:57:07,343:INFO:Step: {}, Action: 1, Reward: 0, Total Reward: 508.593818051118
